#,Date-Time (PDT),Ch: 1 - Temperature   (Â°C),Ch: 2 - Light   (lux),Button Down,Button Up,Host Connected,End of File
1,03/25/2022 12:18:32,25.95,541.60,,,,
2,03/25/2022 12:33:32,15.70,218.24,,,,
3,03/25/2022 12:48:32,15.66,142.32,,,,
4,03/25/2022 13:03:32,15.83,154.76,,,,
5,03/25/2022 13:18:32,16.04,165.28,,,,
6,03/25/2022 13:33:32,16.21,137.04,,,,
7,03/25/2022 13:48:32,16.30,168.72,,,,
8,03/25/2022 14:03:32,16.13,169.68,,,,
9,03/25/2022 14:18:32,15.96,136.08,,,,
10,03/25/2022 14:33:32,15.91,144.08,,,,
11,03/25/2022 14:48:32,15.96,135.20,,,,
12,03/25/2022 15:03:32,15.91,167.92,,,,
13,03/25/2022 15:18:32,16.00,144.96,,,,
14,03/25/2022 15:33:32,16.13,178.48,,,,
15,03/25/2022 15:48:32,16.26,81.34,,,,
16,03/25/2022 16:03:32,16.30,117.60,,,,
17,03/25/2022 16:18:32,16.39,135.20,,,,
18,03/25/2022 16:33:32,16.47,49.90,,,,
19,03/25/2022 16:48:32,16.47,32.20,,,,
20,03/25/2022 17:03:32,16.39,51.66,,,,
21,03/25/2022 17:18:32,16.30,39.73,,,,
22,03/25/2022 17:33:32,16.17,19.40,,,,
23,03/25/2022 17:48:32,16.21,13.02,,,,
24,03/25/2022 18:03:32,16.04,0.00,,,,
25,03/25/2022 18:18:32,15.96,0.00,,,,
26,03/25/2022 18:33:32,15.83,0.00,,,,
27,03/25/2022 18:48:32,15.74,0.00,,,,
28,03/25/2022 19:03:32,15.66,0.00,,,,
29,03/25/2022 19:18:32,15.61,0.00,,,,
30,03/25/2022 19:33:32,15.48,0.00,,,,
31,03/25/2022 19:48:32,15.44,0.00,,,,
32,03/25/2022 20:03:32,15.31,0.00,,,,
33,03/25/2022 20:18:32,15.23,0.00,,,,
34,03/25/2022 20:33:32,15.18,0.00,,,,
35,03/25/2022 20:48:32,15.10,0.00,,,,
36,03/25/2022 21:03:32,15.01,0.00,,,,
37,03/25/2022 21:18:32,14.93,0.00,,,,
38,03/25/2022 21:33:32,14.88,0.00,,,,
39,03/25/2022 21:48:32,14.80,0.00,,,,
40,03/25/2022 22:03:32,14.71,0.00,,,,
41,03/25/2022 22:18:32,14.63,0.00,,,,
42,03/25/2022 22:33:32,14.58,0.00,,,,
43,03/25/2022 22:48:32,14.50,0.00,,,,
44,03/25/2022 23:03:32,14.41,0.00,,,,
45,03/25/2022 23:18:32,14.33,0.00,,,,
46,03/25/2022 23:33:32,14.28,0.00,,,,
47,03/25/2022 23:48:32,14.24,0.00,,,,
48,03/26/2022 00:03:32,14.15,0.00,,,,
49,03/26/2022 00:18:32,14.15,0.00,,,,
50,03/26/2022 00:33:32,14.07,0.00,,,,
51,03/26/2022 00:48:32,14.03,0.00,,,,
52,03/26/2022 01:03:32,13.94,0.00,,,,
53,03/26/2022 01:18:32,13.90,0.00,,,,
54,03/26/2022 01:33:32,13.81,0.00,,,,
55,03/26/2022 01:48:32,13.73,0.00,,,,
56,03/26/2022 02:03:32,13.73,0.00,,,,
57,03/26/2022 02:18:32,13.64,0.00,,,,
58,03/26/2022 02:33:32,13.60,0.00,,,,
59,03/26/2022 02:48:32,13.60,0.00,,,,
60,03/26/2022 03:03:32,13.55,0.00,,,,
61,03/26/2022 03:18:32,13.47,0.00,,,,
62,03/26/2022 03:33:32,13.43,0.00,,,,
63,03/26/2022 03:48:32,13.38,0.00,,,,
64,03/26/2022 04:03:32,13.34,0.00,,,,
65,03/26/2022 04:18:32,13.34,0.00,,,,
66,03/26/2022 04:33:32,13.30,0.00,,,,
67,03/26/2022 04:48:32,13.21,0.00,,,,
68,03/26/2022 05:03:32,13.17,0.00,,,,
69,03/26/2022 05:18:32,13.12,0.00,,,,
70,03/26/2022 05:33:32,13.08,0.00,,,,
71,03/26/2022 05:48:32,13.08,0.00,,,,
72,03/26/2022 06:03:32,13.04,0.00,,,,
73,03/26/2022 06:18:32,13.00,0.00,,,,
74,03/26/2022 06:33:32,12.95,0.00,,,,
75,03/26/2022 06:48:32,12.91,0.00,,,,
76,03/26/2022 07:03:32,12.87,0.00,,,,
77,03/26/2022 07:18:32,12.82,0.00,,,,
78,03/26/2022 07:33:32,12.82,0.00,,,,
79,03/26/2022 07:48:32,12.78,0.00,,,,
80,03/26/2022 08:03:32,12.78,0.00,,,,
81,03/26/2022 08:18:32,12.74,0.00,,,,
82,03/26/2022 08:33:32,12.74,0.00,,,,
83,03/26/2022 08:48:32,12.70,0.00,,,,
84,03/26/2022 09:03:32,12.65,0.00,,,,
85,03/26/2022 09:18:32,12.70,0.00,,,,
86,03/26/2022 09:33:32,12.70,0.00,,,,
87,03/26/2022 09:48:32,12.65,0.00,,,,
88,03/26/2022 10:03:32,12.70,0.00,,,,
89,03/26/2022 10:18:32,12.70,0.00,,,,
90,03/26/2022 10:33:32,12.70,0.00,,,,
91,03/26/2022 10:48:32,12.70,0.00,,,,
92,03/26/2022 11:03:32,12.74,0.00,,,,
93,03/26/2022 11:18:32,12.78,0.00,,,,
94,03/26/2022 11:33:32,12.82,0.00,,,,
95,03/26/2022 11:48:32,12.82,0.00,,,,
96,03/26/2022 12:03:32,12.91,0.00,,,,
97,03/26/2022 12:18:32,12.91,0.00,,,,
98,03/26/2022 12:33:32,12.95,0.00,,,,
99,03/26/2022 12:48:32,13.04,0.00,,,,
100,03/26/2022 13:03:32,13.08,0.00,,,,
101,03/26/2022 13:18:32,13.08,0.00,,,,
102,03/26/2022 13:33:32,13.17,0.00,,,,
103,03/26/2022 13:48:32,13.21,0.00,,,,
104,03/26/2022 14:03:32,13.25,0.00,,,,
105,03/26/2022 14:18:32,13.30,0.00,,,,
106,03/26/2022 14:33:32,13.34,0.00,,,,
107,03/26/2022 14:48:32,13.38,0.00,,,,
108,03/26/2022 15:03:32,13.43,0.00,,,,
109,03/26/2022 15:18:32,13.47,0.00,,,,
110,03/26/2022 15:33:32,13.47,0.00,,,,
111,03/26/2022 15:48:32,13.55,0.00,,,,
112,03/26/2022 16:03:32,13.55,0.00,,,,
113,03/26/2022 16:18:32,13.60,0.00,,,,
114,03/26/2022 16:33:32,13.64,0.00,,,,
115,03/26/2022 16:48:32,13.64,0.00,,,,
116,03/26/2022 17:03:32,13.68,0.00,,,,
117,03/26/2022 17:18:32,13.73,0.00,,,,
118,03/26/2022 17:33:32,13.73,0.00,,,,
119,03/26/2022 17:48:32,13.77,0.00,,,,
120,03/26/2022 18:03:32,13.81,0.00,,,,
121,03/26/2022 18:18:32,13.77,0.00,,,,
122,03/26/2022 18:33:32,13.81,0.00,,,,
123,03/26/2022 18:48:32,13.77,0.00,,,,
124,03/26/2022 19:03:32,13.81,0.00,,,,
125,03/26/2022 19:18:32,13.77,0.00,,,,
126,03/26/2022 19:33:32,13.81,0.00,,,,
127,03/26/2022 19:48:32,13.81,0.00,,,,
128,03/26/2022 20:03:32,13.77,0.00,,,,
129,03/26/2022 20:18:32,13.77,0.00,,,,
130,03/26/2022 20:33:32,13.77,0.00,,,,
131,03/26/2022 20:48:32,13.73,0.00,,,,
132,03/26/2022 21:03:32,13.68,0.00,,,,
133,03/26/2022 21:18:32,13.64,0.00,,,,
134,03/26/2022 21:33:32,13.68,0.00,,,,
135,03/26/2022 21:48:32,13.55,0.00,,,,
136,03/26/2022 22:03:32,13.60,0.00,,,,
137,03/26/2022 22:18:32,13.55,0.00,,,,
138,03/26/2022 22:33:32,13.51,0.00,,,,
139,03/26/2022 22:48:32,13.51,0.00,,,,
140,03/26/2022 23:03:32,13.47,0.00,,,,
141,03/26/2022 23:18:32,13.43,0.00,,,,
142,03/26/2022 23:33:32,13.38,0.00,,,,
143,03/26/2022 23:48:32,13.38,0.00,,,,
144,03/27/2022 00:03:32,13.34,0.00,,,,
145,03/27/2022 00:18:32,13.34,0.00,,,,
146,03/27/2022 00:33:32,13.25,0.00,,,,
147,03/27/2022 00:48:32,13.21,0.00,,,,
148,03/27/2022 01:03:32,13.21,0.00,,,,
149,03/27/2022 01:18:32,13.17,0.00,,,,
150,03/27/2022 01:33:32,13.08,0.00,,,,
151,03/27/2022 01:48:32,13.08,0.00,,,,
152,03/27/2022 02:03:32,13.04,0.00,,,,
153,03/27/2022 02:18:32,13.00,0.00,,,,
154,03/27/2022 02:33:32,12.95,0.00,,,,
155,03/27/2022 02:48:32,12.95,0.00,,,,
156,03/27/2022 03:03:32,12.95,0.00,,,,
157,03/27/2022 03:18:32,12.87,0.00,,,,
158,03/27/2022 03:33:32,12.87,0.00,,,,
159,03/27/2022 03:48:32,12.87,0.00,,,,
160,03/27/2022 04:03:32,12.82,0.00,,,,
161,03/27/2022 04:18:32,12.82,0.00,,,,
162,03/27/2022 04:33:32,12.78,0.00,,,,
163,03/27/2022 04:48:32,12.78,0.00,,,,
164,03/27/2022 05:03:32,12.70,0.00,,,,
165,03/27/2022 05:18:32,12.70,0.00,,,,
166,03/27/2022 05:33:32,12.70,0.00,,,,
167,03/27/2022 05:48:32,12.65,0.00,,,,
168,03/27/2022 06:03:32,12.65,0.00,,,,
169,03/27/2022 06:18:32,12.61,0.00,,,,
170,03/27/2022 06:33:32,12.61,0.00,,,,
171,03/27/2022 06:48:32,12.61,0.00,,,,
172,03/27/2022 07:03:32,12.61,0.00,,,,
173,03/27/2022 07:18:32,12.52,0.00,,,,
174,03/27/2022 07:33:32,12.52,0.00,,,,
175,03/27/2022 07:48:32,12.52,0.00,,,,
176,03/27/2022 08:03:32,12.48,0.00,,,,
177,03/27/2022 08:18:32,12.48,0.00,,,,
178,03/27/2022 08:33:32,12.48,0.00,,,,
179,03/27/2022 08:48:32,12.48,0.00,,,,
180,03/27/2022 09:03:32,12.48,0.00,,,,
181,03/27/2022 09:18:32,12.44,0.00,,,,
182,03/27/2022 09:33:32,12.44,0.00,,,,
183,03/27/2022 09:48:32,12.48,0.00,,,,
184,03/27/2022 10:03:32,12.40,0.00,,,,
185,03/27/2022 10:18:32,12.40,0.00,,,,
186,03/27/2022 10:33:32,12.40,0.00,,,,
187,03/27/2022 10:48:32,12.44,0.00,,,,
188,03/27/2022 11:03:32,12.40,0.00,,,,
189,03/27/2022 11:18:32,12.48,0.00,,,,
190,03/27/2022 11:33:32,12.44,0.00,,,,
191,03/27/2022 11:48:32,12.44,0.00,,,,
192,03/27/2022 12:03:32,12.48,0.00,,,,
193,03/27/2022 12:18:32,12.52,0.00,,,,
194,03/27/2022 12:33:32,12.52,0.00,,,,
195,03/27/2022 12:48:32,12.57,0.00,,,,
196,03/27/2022 13:03:32,12.61,0.00,,,,
197,03/27/2022 13:18:32,12.61,0.00,,,,
198,03/27/2022 13:33:32,12.70,0.00,,,,
199,03/27/2022 13:48:32,12.70,169.68,,,,
200,03/27/2022 14:03:32,12.70,0.00,,,,
201,03/27/2022 14:18:32,12.74,0.00,,,,
202,03/27/2022 14:33:32,12.78,0.00,,,,
203,03/27/2022 14:48:32,12.82,0.00,,,,
204,03/27/2022 15:03:32,12.82,0.00,,,,
205,03/27/2022 15:18:32,12.82,0.00,,,,
206,03/27/2022 15:33:32,12.87,0.00,,,,
207,03/27/2022 15:48:32,12.91,0.00,,,,
208,03/27/2022 16:03:32,13.00,0.00,,,,
209,03/27/2022 16:18:32,12.95,0.00,,,,
210,03/27/2022 16:33:32,13.00,0.00,,,,
211,03/27/2022 16:48:32,13.00,0.00,,,,
212,03/27/2022 17:03:32,13.04,0.00,,,,
213,03/27/2022 17:18:32,13.04,0.00,,,,
214,03/27/2022 17:33:32,13.08,0.00,,,,
215,03/27/2022 17:48:32,13.08,0.00,,,,
216,03/27/2022 18:03:32,13.08,0.00,,,,
217,03/27/2022 18:18:32,13.08,0.00,,,,
218,03/27/2022 18:33:32,13.12,0.00,,,,
219,03/27/2022 18:48:32,13.17,0.00,,,,
220,03/27/2022 19:03:32,13.12,0.00,,,,
221,03/27/2022 19:18:32,13.12,0.00,,,,
222,03/27/2022 19:33:32,13.08,0.00,,,,
223,03/27/2022 19:48:32,13.12,0.00,,,,
224,03/27/2022 20:03:32,13.12,0.00,,,,
225,03/27/2022 20:18:32,13.08,0.00,,,,
226,03/27/2022 20:33:32,13.08,0.00,,,,
227,03/27/2022 20:48:32,13.04,0.00,,,,
228,03/27/2022 21:03:32,13.04,0.00,,,,
229,03/27/2022 21:18:32,13.00,0.00,,,,
230,03/27/2022 21:33:32,13.00,0.00,,,,
231,03/27/2022 21:48:32,12.95,0.00,,,,
232,03/27/2022 22:03:32,12.95,0.00,,,,
233,03/27/2022 22:18:32,12.91,0.00,,,,
234,03/27/2022 22:33:32,12.91,0.00,,,,
235,03/27/2022 22:48:32,12.87,0.00,,,,
236,03/27/2022 23:03:32,12.91,0.00,,,,
237,03/27/2022 23:18:32,12.87,0.00,,,,
238,03/27/2022 23:33:32,12.87,0.00,,,,
239,03/27/2022 23:48:32,12.82,0.00,,,,
240,03/28/2022 00:03:32,12.78,0.00,,,,
241,03/28/2022 00:18:32,12.78,0.00,,,,
242,03/28/2022 00:33:32,12.78,0.00,,,,
243,03/28/2022 00:48:32,12.74,0.00,,,,
244,03/28/2022 01:03:32,12.74,0.00,,,,
245,03/28/2022 01:18:32,12.74,0.00,,,,
246,03/28/2022 01:33:32,12.70,0.00,,,,
247,03/28/2022 01:48:32,12.65,0.00,,,,
248,03/28/2022 02:03:32,12.70,0.00,,,,
249,03/28/2022 02:18:32,12.65,0.00,,,,
250,03/28/2022 02:33:32,12.65,0.00,,,,
251,03/28/2022 02:48:32,12.65,0.00,,,,
252,03/28/2022 03:03:32,12.61,0.00,,,,
253,03/28/2022 03:18:32,12.57,0.00,,,,
254,03/28/2022 03:33:32,12.61,0.00,,,,
255,03/28/2022 03:48:32,12.57,0.00,,,,
256,03/28/2022 04:03:32,12.52,0.00,,,,
257,03/28/2022 04:18:32,12.57,0.00,,,,
258,03/28/2022 04:33:32,12.52,0.00,,,,
259,03/28/2022 04:48:32,12.48,0.00,,,,
260,03/28/2022 05:03:32,12.52,0.00,,,,
261,03/28/2022 05:18:32,12.48,0.00,,,,
262,03/28/2022 05:33:32,12.48,0.00,,,,
263,03/28/2022 05:48:32,12.44,0.00,,,,
264,03/28/2022 06:03:32,12.48,0.00,,,,
265,03/28/2022 06:18:32,12.40,0.00,,,,
266,03/28/2022 06:33:32,12.40,0.00,,,,
267,03/28/2022 06:48:32,12.40,0.00,,,,
268,03/28/2022 07:03:32,12.40,0.00,,,,
269,03/28/2022 07:18:32,12.40,0.00,,,,
270,03/28/2022 07:33:32,12.31,0.00,,,,
271,03/28/2022 07:48:32,12.35,0.00,,,,
272,03/28/2022 08:03:32,12.31,0.00,,,,
273,03/28/2022 08:18:32,12.31,0.00,,,,
274,03/28/2022 08:33:32,12.27,0.00,,,,
275,03/28/2022 08:48:32,12.31,0.00,,,,
276,03/28/2022 09:03:32,12.22,0.00,,,,
277,03/28/2022 09:18:32,12.27,3.07,,,,
278,03/28/2022 09:33:32,12.22,0.00,,,,
279,03/28/2022 09:48:32,12.27,0.00,,,,
280,03/28/2022 10:03:32,12.22,0.00,,,,
281,03/28/2022 10:18:32,12.18,0.00,,,,
282,03/28/2022 10:33:32,12.18,0.00,,,,
283,03/28/2022 10:48:32,12.18,0.00,,,,
284,03/28/2022 11:03:32,12.14,0.00,,,,
285,03/28/2022 11:18:32,12.18,0.00,,,,
286,03/28/2022 11:33:32,12.14,25.17,,,,
287,03/28/2022 11:48:32,12.18,41.48,,,,
288,03/28/2022 12:03:32,12.10,40.61,,,,
289,03/28/2022 12:18:32,12.10,27.37,,,,
290,03/28/2022 12:33:32,12.10,91.00,,,,
291,03/28/2022 12:48:32,12.10,52.58,,,,
292,03/28/2022 13:03:32,12.14,144.08,,,,
293,03/28/2022 13:18:32,12.14,0.00,,,,
294,03/28/2022 13:33:32,12.14,0.00,,,,
295,03/28/2022 13:48:32,12.14,0.00,,,,
296,03/28/2022 14:03:32,12.14,0.00,,,,
297,03/28/2022 14:18:32,12.18,0.00,,,,
298,03/28/2022 14:33:32,12.18,46.38,,,,
299,03/28/2022 14:48:32,12.22,29.12,,,,
300,03/28/2022 15:03:32,12.22,34.90,,,,
301,03/28/2022 15:18:32,12.22,31.82,,,,
302,03/28/2022 15:33:32,12.22,26.05,,,,
303,03/28/2022 15:48:32,12.27,28.68,,,,
304,03/28/2022 16:03:32,12.27,20.77,,,,
305,03/28/2022 16:18:32,12.31,11.23,,,,
306,03/28/2022 16:33:32,12.27,9.48,,,,
307,03/28/2022 16:48:32,12.31,5.49,,,,
308,03/28/2022 17:03:32,12.27,0.00,,,,
309,03/28/2022 17:18:32,12.31,0.00,,,,
310,03/28/2022 17:33:32,12.27,0.00,,,,
311,03/28/2022 17:48:32,12.22,0.00,,,,
312,03/28/2022 18:03:32,12.22,0.00,,,,
313,03/28/2022 18:18:32,12.22,0.00,,,,
314,03/28/2022 18:33:32,12.22,0.00,,,,
315,03/28/2022 18:48:32,12.22,0.00,,,,
316,03/28/2022 19:03:32,12.22,0.00,,,,
317,03/28/2022 19:18:32,12.22,0.00,,,,
318,03/28/2022 19:33:32,12.22,0.00,,,,
319,03/28/2022 19:48:32,12.18,0.00,,,,
320,03/28/2022 20:03:32,12.22,0.00,,,,
321,03/28/2022 20:18:32,12.18,0.00,,,,
322,03/28/2022 20:33:32,12.22,0.00,,,,
323,03/28/2022 20:48:32,12.22,0.00,,,,
324,03/28/2022 21:03:32,12.18,0.00,,,,
325,03/28/2022 21:18:32,12.18,0.00,,,,
326,03/28/2022 21:33:32,12.18,0.00,,,,
327,03/28/2022 21:48:32,12.14,0.00,,,,
328,03/28/2022 22:03:32,12.18,0.00,,,,
329,03/28/2022 22:18:32,12.14,0.00,,,,
330,03/28/2022 22:33:32,12.18,0.00,,,,
331,03/28/2022 22:48:32,12.14,0.00,,,,
332,03/28/2022 23:03:32,12.18,0.00,,,,
333,03/28/2022 23:18:32,12.14,0.00,,,,
334,03/28/2022 23:33:32,12.18,0.00,,,,
335,03/28/2022 23:48:32,12.18,0.00,,,,
336,03/29/2022 00:03:32,12.14,0.00,,,,
337,03/29/2022 00:18:32,12.10,0.00,,,,
338,03/29/2022 00:33:32,12.14,0.00,,,,
339,03/29/2022 00:48:32,12.10,0.00,,,,
340,03/29/2022 01:03:32,12.10,0.00,,,,
341,03/29/2022 01:18:32,12.10,0.00,,,,
342,03/29/2022 01:33:32,12.14,0.00,,,,
343,03/29/2022 01:48:32,12.10,0.00,,,,
344,03/29/2022 02:03:32,12.05,0.00,,,,
345,03/29/2022 02:18:32,12.05,0.00,,,,
346,03/29/2022 02:33:32,12.10,0.00,,,,
347,03/29/2022 02:48:32,12.10,0.00,,,,
348,03/29/2022 03:03:32,12.05,0.00,,,,
349,03/29/2022 03:18:32,12.05,0.00,,,,
350,03/29/2022 03:33:32,12.05,0.00,,,,
351,03/29/2022 03:48:32,12.01,0.00,,,,
352,03/29/2022 04:03:32,12.05,0.00,,,,
353,03/29/2022 04:18:32,12.05,0.00,,,,
354,03/29/2022 04:33:32,12.01,0.00,,,,
355,03/29/2022 04:48:32,12.05,0.00,,,,
356,03/29/2022 05:03:32,12.01,0.00,,,,
357,03/29/2022 05:18:32,12.01,0.00,,,,
358,03/29/2022 05:33:32,12.01,0.00,,,,
359,03/29/2022 05:48:32,12.01,0.00,,,,
360,03/29/2022 06:03:32,12.01,0.00,,,,
361,03/29/2022 06:18:32,12.01,0.00,,,,
362,03/29/2022 06:33:32,11.97,0.00,,,,
363,03/29/2022 06:48:32,11.97,0.00,,,,
364,03/29/2022 07:03:32,11.97,0.00,,,,
365,03/29/2022 07:18:32,11.97,0.00,,,,
366,03/29/2022 07:33:32,11.92,0.00,,,,
367,03/29/2022 07:48:32,11.92,0.00,,,,
368,03/29/2022 08:03:32,11.88,0.00,,,,
369,03/29/2022 08:18:32,11.84,0.00,,,,
370,03/29/2022 08:33:32,11.88,0.00,,,,
371,03/29/2022 08:48:32,11.88,0.00,,,,
372,03/29/2022 09:03:32,11.88,0.00,,,,
373,03/29/2022 09:18:32,11.88,32.26,,,,
374,03/29/2022 09:33:32,11.88,27.37,,,,
375,03/29/2022 09:48:32,11.88,38.85,,,,
376,03/29/2022 10:03:32,11.88,41.98,,,,
377,03/29/2022 10:18:32,11.92,49.46,,,,
378,03/29/2022 10:33:32,11.92,0.00,,,,
379,03/29/2022 10:48:32,12.01,0.00,,,,
380,03/29/2022 11:03:32,11.97,0.00,,,,
381,03/29/2022 11:18:32,12.01,0.00,,,,
382,03/29/2022 11:33:32,12.05,0.00,,,,
383,03/29/2022 11:48:32,12.10,0.00,,,,
384,03/29/2022 12:03:32,12.14,0.00,,,,
385,03/29/2022 12:18:32,12.18,0.00,,,,
386,03/29/2022 12:33:32,12.22,0.00,,,,
387,03/29/2022 12:48:32,12.27,98.04,,,,
388,03/29/2022 13:03:32,12.31,104.28,,,,
389,03/29/2022 13:18:32,12.40,74.62,,,,
390,03/29/2022 13:33:32,12.40,0.00,,,,
391,03/29/2022 13:48:32,12.44,0.00,,,,
392,03/29/2022 14:03:32,12.52,0.00,,,,
393,03/29/2022 14:18:32,12.52,0.00,,,,
394,03/29/2022 14:33:32,12.61,0.00,,,,
395,03/29/2022 14:48:32,12.57,0.00,,,,
396,03/29/2022 15:03:32,12.65,0.00,,,,
397,03/29/2022 15:18:32,12.70,0.00,,,,
398,03/29/2022 15:33:32,12.74,0.00,,,,
399,03/29/2022 15:48:32,12.78,26.05,,,,
400,03/29/2022 16:03:32,12.78,0.00,,,,
401,03/29/2022 16:18:32,12.82,0.00,,,,
402,03/29/2022 16:33:32,12.78,0.00,,,,
403,03/29/2022 16:48:32,12.82,0.00,,,,
404,03/29/2022 17:03:32,12.82,0.00,,,,
405,03/29/2022 17:18:32,12.87,0.00,,,,
406,03/29/2022 17:33:32,12.87,0.00,,,,
407,03/29/2022 17:48:32,12.82,0.00,,,,
408,03/29/2022 18:03:32,12.91,0.00,,,,
409,03/29/2022 18:18:32,12.87,0.00,,,,
410,03/29/2022 18:33:32,12.87,0.00,,,,
411,03/29/2022 18:48:32,12.95,0.00,,,,
412,03/29/2022 19:03:32,12.91,0.00,,,,
413,03/29/2022 19:18:32,12.91,0.00,,,,
414,03/29/2022 19:33:32,12.87,0.00,,,,
415,03/29/2022 19:48:32,12.91,0.00,,,,
416,03/29/2022 20:03:32,12.91,0.00,,,,
417,03/29/2022 20:18:32,12.87,0.00,,,,
418,03/29/2022 20:33:32,12.87,0.00,,,,
419,03/29/2022 20:48:32,12.87,0.00,,,,
420,03/29/2022 21:03:32,12.87,0.00,,,,
421,03/29/2022 21:18:32,12.82,0.00,,,,
422,03/29/2022 21:33:32,12.82,0.00,,,,
423,03/29/2022 21:48:32,12.82,0.00,,,,
424,03/29/2022 22:03:32,12.82,0.00,,,,
425,03/29/2022 22:18:32,12.78,0.00,,,,
426,03/29/2022 22:33:32,12.78,0.00,,,,
427,03/29/2022 22:48:32,12.78,0.00,,,,
428,03/29/2022 23:03:32,12.70,0.00,,,,
429,03/29/2022 23:18:32,12.70,0.00,,,,
430,03/29/2022 23:33:32,12.74,0.00,,,,
431,03/29/2022 23:48:32,12.70,0.00,,,,
432,03/30/2022 00:03:32,12.65,0.00,,,,
433,03/30/2022 00:18:32,12.61,0.00,,,,
434,03/30/2022 00:33:32,12.61,0.00,,,,
435,03/30/2022 00:48:32,12.65,0.00,,,,
436,03/30/2022 01:03:32,12.57,0.00,,,,
437,03/30/2022 01:18:32,12.61,0.00,,,,
438,03/30/2022 01:33:32,12.57,0.00,,,,
439,03/30/2022 01:48:32,12.52,0.00,,,,
440,03/30/2022 02:03:32,12.52,0.00,,,,
441,03/30/2022 02:18:32,12.48,0.00,,,,
442,03/30/2022 02:33:32,12.48,0.00,,,,
443,03/30/2022 02:48:32,12.48,0.00,,,,
444,03/30/2022 03:03:32,12.44,0.00,,,,
445,03/30/2022 03:18:32,12.44,0.00,,,,
446,03/30/2022 03:33:32,12.44,0.00,,,,
447,03/30/2022 03:48:32,12.44,0.00,,,,
448,03/30/2022 04:03:32,12.40,0.00,,,,
449,03/30/2022 04:18:32,12.40,0.00,,,,
450,03/30/2022 04:33:32,12.40,0.00,,,,
451,03/30/2022 04:48:32,12.35,0.00,,,,
452,03/30/2022 05:03:32,12.35,0.00,,,,
453,03/30/2022 05:18:32,12.35,0.00,,,,
454,03/30/2022 05:33:32,12.35,0.00,,,,
455,03/30/2022 05:48:32,12.35,0.00,,,,
456,03/30/2022 06:03:32,12.31,0.00,,,,
457,03/30/2022 06:18:32,12.31,0.00,,,,
458,03/30/2022 06:33:32,12.31,0.00,,,,
459,03/30/2022 06:48:32,12.27,0.00,,,,
460,03/30/2022 07:03:32,12.31,0.00,,,,
461,03/30/2022 07:18:32,12.31,0.00,,,,
462,03/30/2022 07:33:32,12.27,0.00,,,,
463,03/30/2022 07:48:32,12.31,0.00,,,,
464,03/30/2022 08:03:32,12.27,0.00,,,,
465,03/30/2022 08:18:32,12.22,0.00,,,,
466,03/30/2022 08:33:32,12.22,0.00,,,,
467,03/30/2022 08:48:32,12.22,0.00,,,,
468,03/30/2022 09:03:32,12.27,0.00,,,,
469,03/30/2022 09:18:32,12.22,27.37,,,,
470,03/30/2022 09:33:32,12.22,26.93,,,,
471,03/30/2022 09:48:32,12.22,25.17,,,,
472,03/30/2022 10:03:32,12.22,42.86,,,,
473,03/30/2022 10:18:32,12.27,50.34,,,,
474,03/30/2022 10:33:32,12.22,57.42,,,,
475,03/30/2022 10:48:32,12.31,66.66,,,,
476,03/30/2022 11:03:32,12.31,71.54,,,,
477,03/30/2022 11:18:32,12.40,90.12,,,,
478,03/30/2022 11:33:32,12.35,100.76,,,,
479,03/30/2022 11:48:32,12.40,106.92,,,,
480,03/30/2022 12:03:32,12.44,107.80,,,,
481,03/30/2022 12:18:32,12.48,111.32,,,,
482,03/30/2022 12:33:32,12.52,0.00,,,,
483,03/30/2022 12:48:32,12.52,0.00,,,,
484,03/30/2022 13:03:32,12.61,0.00,,,,
485,03/30/2022 13:18:32,12.65,0.00,,,,
486,03/30/2022 13:33:32,12.70,0.00,,,,
487,03/30/2022 13:48:32,12.74,0.00,,,,
488,03/30/2022 14:03:32,12.78,0.00,,,,
489,03/30/2022 14:18:32,12.78,0.00,,,,
490,03/30/2022 14:33:32,12.82,98.04,,,,
491,03/30/2022 14:48:32,12.91,102.52,,,,
492,03/30/2022 15:03:32,12.91,119.36,,,,
493,03/30/2022 15:18:32,12.95,0.00,,,,
494,03/30/2022 15:33:32,13.04,0.00,,,,
495,03/30/2022 15:48:32,13.04,0.00,,,,
496,03/30/2022 16:03:32,13.08,0.00,,,,
497,03/30/2022 16:18:32,13.08,0.00,,,,
498,03/30/2022 16:33:32,13.08,0.00,,,,
499,03/30/2022 16:48:32,13.08,0.00,,,,
500,03/30/2022 17:03:32,13.17,0.00,,,,
501,03/30/2022 17:18:32,13.12,0.00,,,,
502,03/30/2022 17:33:32,13.17,0.00,,,,
503,03/30/2022 17:48:32,13.21,0.00,,,,
504,03/30/2022 18:03:32,13.21,0.00,,,,
505,03/30/2022 18:18:32,13.12,0.00,,,,
506,03/30/2022 18:33:32,13.17,0.00,,,,
507,03/30/2022 18:48:32,13.21,0.00,,,,
508,03/30/2022 19:03:32,13.21,0.00,,,,
509,03/30/2022 19:18:32,13.21,0.00,,,,
510,03/30/2022 19:33:32,13.21,0.00,,,,
511,03/30/2022 19:48:32,13.21,0.00,,,,
512,03/30/2022 20:03:32,13.17,0.00,,,,
513,03/30/2022 20:18:32,13.17,0.00,,,,
514,03/30/2022 20:33:32,13.21,0.00,,,,
515,03/30/2022 20:48:32,13.12,0.00,,,,
516,03/30/2022 21:03:32,13.12,0.00,,,,
517,03/30/2022 21:18:32,13.08,0.00,,,,
518,03/30/2022 21:33:32,13.04,0.00,,,,
519,03/30/2022 21:48:32,13.04,0.00,,,,
520,03/30/2022 22:03:32,13.00,0.00,,,,
521,03/30/2022 22:18:32,13.00,0.00,,,,
522,03/30/2022 22:33:32,12.95,0.00,,,,
523,03/30/2022 22:48:32,13.00,0.00,,,,
524,03/30/2022 23:03:32,12.91,0.00,,,,
525,03/30/2022 23:18:32,12.95,0.00,,,,
526,03/30/2022 23:33:32,12.87,0.00,,,,
527,03/30/2022 23:48:32,12.87,0.00,,,,
528,03/31/2022 00:03:32,12.82,0.00,,,,
529,03/31/2022 00:18:32,12.82,0.00,,,,
530,03/31/2022 00:33:32,12.78,0.00,,,,
531,03/31/2022 00:48:32,12.70,0.00,,,,
532,03/31/2022 01:03:32,12.70,0.00,,,,
533,03/31/2022 01:18:32,12.74,0.00,,,,
534,03/31/2022 01:33:32,12.70,0.00,,,,
535,03/31/2022 01:48:32,12.65,0.00,,,,
536,03/31/2022 02:03:32,12.61,0.00,,,,
537,03/31/2022 02:18:32,12.61,0.00,,,,
538,03/31/2022 02:33:32,12.61,0.00,,,,
539,03/31/2022 02:48:32,12.57,0.00,,,,
540,03/31/2022 03:03:32,12.57,0.00,,,,
541,03/31/2022 03:18:32,12.48,0.00,,,,
542,03/31/2022 03:33:32,12.52,0.00,,,,
543,03/31/2022 03:48:32,12.48,0.00,,,,
544,03/31/2022 04:03:32,12.48,0.00,,,,
545,03/31/2022 04:18:32,12.48,0.00,,,,
546,03/31/2022 04:33:32,12.48,0.00,,,,
547,03/31/2022 04:48:32,12.44,0.00,,,,
548,03/31/2022 05:03:32,12.48,0.00,,,,
549,03/31/2022 05:18:32,12.40,0.00,,,,
550,03/31/2022 05:33:32,12.40,0.00,,,,
551,03/31/2022 05:48:32,12.35,0.00,,,,
552,03/31/2022 06:03:32,12.40,0.00,,,,
553,03/31/2022 06:18:32,12.35,0.00,,,,
554,03/31/2022 06:33:32,12.35,0.00,,,,
555,03/31/2022 06:48:32,12.35,0.00,,,,
556,03/31/2022 07:03:32,12.35,0.00,,,,
557,03/31/2022 07:18:32,12.35,0.00,,,,
558,03/31/2022 07:33:32,12.31,0.00,,,,
559,03/31/2022 07:48:32,12.31,66.22,,,,
560,03/31/2022 08:03:32,12.31,0.00,,,,
561,03/31/2022 08:18:32,12.31,0.00,,,,
562,03/31/2022 08:33:32,12.27,0.00,,,,
563,03/31/2022 08:48:32,12.31,0.00,,,,
564,03/31/2022 09:03:32,12.31,0.00,,,,
565,03/31/2022 09:18:32,12.31,0.00,,,,
566,03/31/2022 09:33:32,12.22,0.00,,,,
567,03/31/2022 09:48:32,12.35,0.00,,,,
568,03/31/2022 10:03:32,12.31,0.00,,,,
569,03/31/2022 10:18:32,12.35,0.00,,,,
570,03/31/2022 10:33:32,12.31,0.00,,,,
571,03/31/2022 10:48:32,12.31,0.00,,,,
572,03/31/2022 11:03:32,12.31,0.00,,,,
573,03/31/2022 11:18:32,12.31,0.00,,,,
574,03/31/2022 11:33:32,12.40,0.00,,,,
575,03/31/2022 11:48:32,12.35,0.00,,,,
576,03/31/2022 12:03:32,12.40,0.00,,,,
577,03/31/2022 12:18:32,12.40,0.00,,,,
578,03/31/2022 12:33:32,12.44,0.00,,,,
579,03/31/2022 12:48:32,12.48,0.00,,,,
580,03/31/2022 13:03:32,12.48,0.00,,,,
581,03/31/2022 13:18:32,12.44,0.00,,,,
582,03/31/2022 13:33:32,12.52,0.00,,,,
583,03/31/2022 13:48:32,12.52,0.00,,,,
584,03/31/2022 14:03:32,12.57,0.00,,,,
585,03/31/2022 14:18:32,12.57,0.00,,,,
586,03/31/2022 14:33:32,12.57,0.00,,,,
587,03/31/2022 14:48:32,12.57,0.00,,,,
588,03/31/2022 15:03:32,12.57,0.00,,,,
589,03/31/2022 15:18:32,12.61,0.00,,,,
590,03/31/2022 15:33:32,12.65,0.00,,,,
591,03/31/2022 15:48:32,12.61,0.00,,,,
592,03/31/2022 16:03:32,12.70,0.00,,,,
593,03/31/2022 16:18:32,12.65,0.00,,,,
594,03/31/2022 16:33:32,12.65,0.00,,,,
595,03/31/2022 16:48:32,12.65,0.00,,,,
596,03/31/2022 17:03:32,12.65,0.00,,,,
597,03/31/2022 17:18:32,12.70,0.00,,,,
598,03/31/2022 17:33:32,12.65,0.00,,,,
599,03/31/2022 17:48:32,12.65,0.00,,,,
600,03/31/2022 18:03:32,12.65,0.00,,,,
601,03/31/2022 18:18:32,12.65,0.00,,,,
602,03/31/2022 18:33:32,12.65,0.00,,,,
603,03/31/2022 18:48:32,12.65,0.00,,,,
604,03/31/2022 19:03:32,12.70,0.00,,,,
605,03/31/2022 19:18:32,12.65,0.00,,,,
606,03/31/2022 19:33:32,12.65,0.00,,,,
607,03/31/2022 19:48:32,12.61,0.00,,,,
608,03/31/2022 20:03:32,12.65,0.00,,,,
609,03/31/2022 20:18:32,12.61,0.00,,,,
610,03/31/2022 20:33:32,12.61,0.00,,,,
611,03/31/2022 20:48:32,12.61,0.00,,,,
612,03/31/2022 21:03:32,12.61,0.00,,,,
613,03/31/2022 21:18:32,12.65,0.00,,,,
614,03/31/2022 21:33:32,12.61,0.00,,,,
615,03/31/2022 21:48:32,12.57,0.00,,,,
616,03/31/2022 22:03:32,12.61,0.00,,,,
617,03/31/2022 22:18:32,12.57,0.00,,,,
618,03/31/2022 22:33:32,12.57,0.00,,,,
619,03/31/2022 22:48:32,12.57,0.00,,,,
620,03/31/2022 23:03:32,12.57,0.00,,,,
621,03/31/2022 23:18:32,12.57,0.00,,,,
622,03/31/2022 23:33:32,12.48,0.00,,,,
623,03/31/2022 23:48:32,12.48,0.00,,,,
624,04/01/2022 00:03:32,12.57,0.00,,,,
625,04/01/2022 00:18:32,12.52,0.00,,,,
626,04/01/2022 00:33:32,12.48,0.00,,,,
627,04/01/2022 00:48:32,12.48,0.00,,,,
628,04/01/2022 01:03:32,12.44,0.00,,,,
629,04/01/2022 01:18:32,12.48,0.00,,,,
630,04/01/2022 01:33:32,12.44,0.00,,,,
631,04/01/2022 01:48:32,12.44,0.00,,,,
632,04/01/2022 02:03:32,12.40,0.00,,,,
633,04/01/2022 02:18:32,12.35,0.00,,,,
634,04/01/2022 02:33:32,12.35,0.00,,,,
635,04/01/2022 02:48:32,12.35,0.00,,,,
636,04/01/2022 03:03:32,12.27,0.00,,,,
637,04/01/2022 03:18:32,12.31,0.00,,,,
638,04/01/2022 03:33:32,12.31,0.00,,,,
639,04/01/2022 03:48:32,12.31,0.00,,,,
640,04/01/2022 04:03:32,12.31,0.00,,,,
641,04/01/2022 04:18:32,12.31,0.00,,,,
642,04/01/2022 04:33:32,12.22,0.00,,,,
643,04/01/2022 04:48:32,12.22,0.00,,,,
644,04/01/2022 05:03:32,12.27,0.00,,,,
645,04/01/2022 05:18:32,12.18,0.00,,,,
646,04/01/2022 05:33:32,12.18,0.00,,,,
647,04/01/2022 05:48:32,12.14,0.00,,,,
648,04/01/2022 06:03:32,12.14,0.00,,,,
649,04/01/2022 06:18:32,12.14,0.00,,,,
650,04/01/2022 06:33:32,12.14,0.00,,,,
651,04/01/2022 06:48:32,12.14,0.00,,,,
652,04/01/2022 07:03:32,12.05,0.00,,,,
653,04/01/2022 07:18:32,12.05,0.00,,,,
654,04/01/2022 07:33:32,12.05,0.00,,,,
655,04/01/2022 07:48:32,12.01,0.00,,,,
656,04/01/2022 08:03:32,12.05,0.00,,,,
657,04/01/2022 08:18:32,12.05,0.00,,,,
658,04/01/2022 08:33:32,12.01,0.00,,,,
659,04/01/2022 08:48:32,12.01,0.00,,,,
660,04/01/2022 09:03:32,12.01,0.00,,,,
661,04/01/2022 09:18:32,11.97,0.00,,,,
662,04/01/2022 09:33:32,12.01,0.00,,,,
663,04/01/2022 09:48:32,12.01,0.00,,,,
664,04/01/2022 10:03:32,12.05,0.00,,,,
665,04/01/2022 10:18:32,12.05,0.00,,,,
666,04/01/2022 10:33:32,12.05,0.00,,,,
667,04/01/2022 10:48:32,12.14,0.00,,,,
668,04/01/2022 11:03:32,12.14,0.00,,,,
669,04/01/2022 11:18:32,12.14,0.00,,,,
670,04/01/2022 11:33:32,12.18,0.00,,,,
671,04/01/2022 11:48:32,12.22,0.00,,,,
672,04/01/2022 12:03:32,12.22,0.00,,,,
673,04/01/2022 12:18:32,12.31,0.00,,,,
674,04/01/2022 12:33:32,12.31,0.00,,,,
675,04/01/2022 12:48:32,12.40,0.00,,,,
676,04/01/2022 13:03:32,12.40,0.00,,,,
677,04/01/2022 13:18:32,12.48,0.00,,,,
678,04/01/2022 13:33:32,12.44,0.00,,,,
679,04/01/2022 13:48:32,12.52,0.00,,,,
680,04/01/2022 14:03:32,12.52,0.00,,,,
681,04/01/2022 14:18:32,12.61,0.00,,,,
682,04/01/2022 14:33:32,12.61,0.00,,,,
683,04/01/2022 14:48:32,12.65,0.00,,,,
684,04/01/2022 15:03:32,12.70,0.00,,,,
685,04/01/2022 15:18:32,12.74,0.00,,,,
686,04/01/2022 15:33:32,12.78,0.00,,,,
687,04/01/2022 15:48:32,12.82,0.00,,,,
688,04/01/2022 16:03:32,12.87,0.00,,,,
689,04/01/2022 16:18:32,12.87,0.00,,,,
690,04/01/2022 16:33:32,12.91,0.00,,,,
691,04/01/2022 16:48:32,12.91,0.00,,,,
692,04/01/2022 17:03:32,12.95,0.00,,,,
693,04/01/2022 17:18:32,12.95,0.00,,,,
694,04/01/2022 17:33:32,13.00,0.00,,,,
695,04/01/2022 17:48:32,13.00,0.00,,,,
696,04/01/2022 18:03:32,13.00,0.00,,,,
697,04/01/2022 18:18:32,13.04,0.00,,,,
698,04/01/2022 18:33:32,13.08,0.00,,,,
699,04/01/2022 18:48:32,13.04,0.00,,,,
700,04/01/2022 19:03:32,13.08,0.00,,,,
701,04/01/2022 19:18:32,13.08,0.00,,,,
702,04/01/2022 19:33:32,13.04,0.00,,,,
703,04/01/2022 19:48:32,13.08,0.00,,,,
704,04/01/2022 20:03:32,13.04,0.00,,,,
705,04/01/2022 20:18:32,13.04,0.00,,,,
706,04/01/2022 20:33:32,13.04,0.00,,,,
707,04/01/2022 20:48:32,13.04,0.00,,,,
708,04/01/2022 21:03:32,13.00,0.00,,,,
709,04/01/2022 21:18:32,13.00,0.00,,,,
710,04/01/2022 21:33:32,13.00,0.00,,,,
711,04/01/2022 21:48:32,13.00,0.00,,,,
712,04/01/2022 22:03:32,12.95,0.00,,,,
713,04/01/2022 22:18:32,12.95,0.00,,,,
714,04/01/2022 22:33:32,12.91,0.00,,,,
715,04/01/2022 22:48:32,12.91,0.00,,,,
716,04/01/2022 23:03:32,12.82,0.00,,,,
717,04/01/2022 23:18:32,12.82,0.00,,,,
718,04/01/2022 23:33:32,12.82,0.00,,,,
719,04/01/2022 23:48:32,12.82,0.00,,,,
720,04/02/2022 00:03:32,12.78,0.00,,,,
721,04/02/2022 00:18:32,12.78,0.00,,,,
722,04/02/2022 00:33:32,12.74,0.00,,,,
723,04/02/2022 00:48:32,12.70,0.00,,,,
724,04/02/2022 01:03:32,12.70,0.00,,,,
725,04/02/2022 01:18:32,12.65,0.00,,,,
726,04/02/2022 01:33:32,12.65,0.00,,,,
727,04/02/2022 01:48:32,12.61,0.00,,,,
728,04/02/2022 02:03:32,12.61,0.00,,,,
729,04/02/2022 02:18:32,12.57,0.00,,,,
730,04/02/2022 02:33:32,12.57,0.00,,,,
731,04/02/2022 02:48:32,12.57,0.00,,,,
732,04/02/2022 03:03:32,12.48,0.00,,,,
733,04/02/2022 03:18:32,12.48,0.00,,,,
734,04/02/2022 03:33:32,12.44,0.00,,,,
735,04/02/2022 03:48:32,12.44,0.00,,,,
736,04/02/2022 04:03:32,12.40,0.00,,,,
737,04/02/2022 04:18:32,12.40,0.00,,,,
738,04/02/2022 04:33:32,12.40,0.00,,,,
739,04/02/2022 04:48:32,12.40,0.00,,,,
740,04/02/2022 05:03:32,12.31,0.00,,,,
741,04/02/2022 05:18:32,12.27,0.00,,,,
742,04/02/2022 05:33:32,12.31,0.00,,,,
743,04/02/2022 05:48:32,12.31,0.00,,,,
744,04/02/2022 06:03:32,12.27,0.00,,,,
745,04/02/2022 06:18:32,12.27,0.00,,,,
746,04/02/2022 06:33:32,12.27,0.00,,,,
747,04/02/2022 06:48:32,12.22,0.00,,,,
748,04/02/2022 07:03:32,12.22,0.00,,,,
749,04/02/2022 07:18:32,12.22,0.00,,,,
750,04/02/2022 07:33:32,12.18,0.00,,,,
751,04/02/2022 07:48:32,12.18,0.00,,,,
752,04/02/2022 08:03:32,12.18,0.00,,,,
753,04/02/2022 08:18:32,12.10,0.00,,,,
754,04/02/2022 08:33:32,12.14,0.00,,,,
755,04/02/2022 08:48:32,12.18,0.00,,,,
756,04/02/2022 09:03:32,12.10,0.00,,,,
757,04/02/2022 09:18:32,12.10,0.00,,,,
758,04/02/2022 09:33:32,12.05,0.00,,,,
759,04/02/2022 09:48:32,12.10,0.00,,,,
760,04/02/2022 10:03:32,12.10,0.00,,,,
761,04/02/2022 10:18:32,12.10,0.00,,,,
762,04/02/2022 10:33:32,12.10,0.00,,,,
763,04/02/2022 10:48:32,12.10,0.00,,,,
764,04/02/2022 11:03:32,12.10,0.00,,,,
765,04/02/2022 11:18:32,12.05,0.00,,,,
766,04/02/2022 11:33:32,12.10,0.00,,,,
767,04/02/2022 11:48:32,12.05,0.00,,,,
768,04/02/2022 12:03:32,12.05,0.00,,,,
769,04/02/2022 12:18:32,12.05,0.00,,,,
770,04/02/2022 12:33:32,12.05,0.00,,,,
771,04/02/2022 12:48:32,12.10,0.00,,,,
772,04/02/2022 13:03:32,12.10,0.00,,,,
773,04/02/2022 13:18:32,12.14,0.00,,,,
774,04/02/2022 13:33:32,12.10,0.00,,,,
775,04/02/2022 13:48:32,12.10,0.00,,,,
776,04/02/2022 14:03:32,12.14,0.00,,,,
777,04/02/2022 14:18:32,12.14,0.00,,,,
778,04/02/2022 14:33:32,12.14,0.00,,,,
779,04/02/2022 14:48:32,12.14,0.00,,,,
780,04/02/2022 15:03:32,12.18,0.00,,,,
781,04/02/2022 15:18:32,12.14,0.00,,,,
782,04/02/2022 15:33:32,12.22,0.00,,,,
783,04/02/2022 15:48:32,12.22,0.00,,,,
784,04/02/2022 16:03:32,12.22,0.00,,,,
785,04/02/2022 16:18:32,12.27,0.00,,,,
786,04/02/2022 16:33:32,12.27,0.00,,,,
787,04/02/2022 16:48:32,12.31,0.00,,,,
788,04/02/2022 17:03:32,12.27,0.00,,,,
789,04/02/2022 17:18:32,12.31,0.00,,,,
790,04/02/2022 17:33:32,12.35,0.00,,,,
791,04/02/2022 17:48:32,12.35,0.00,,,,
792,04/02/2022 18:03:32,12.35,0.00,,,,
793,04/02/2022 18:18:32,12.40,0.00,,,,
794,04/02/2022 18:33:32,12.40,0.00,,,,
795,04/02/2022 18:48:32,12.44,0.00,,,,
796,04/02/2022 19:03:32,12.44,0.00,,,,
797,04/02/2022 19:18:32,12.40,0.00,,,,
798,04/02/2022 19:33:32,12.40,0.00,,,,
799,04/02/2022 19:48:32,12.44,0.00,,,,
800,04/02/2022 20:03:32,12.40,0.00,,,,
801,04/02/2022 20:18:32,12.40,0.00,,,,
802,04/02/2022 20:33:32,12.40,0.00,,,,
803,04/02/2022 20:48:32,12.40,0.00,,,,
804,04/02/2022 21:03:32,12.40,0.00,,,,
805,04/02/2022 21:18:32,12.40,0.00,,,,
806,04/02/2022 21:33:32,12.44,0.00,,,,
807,04/02/2022 21:48:32,12.40,0.00,,,,
808,04/02/2022 22:03:32,12.40,0.00,,,,
809,04/02/2022 22:18:32,12.35,0.00,,,,
810,04/02/2022 22:33:32,12.40,0.00,,,,
811,04/02/2022 22:48:32,12.35,0.00,,,,
812,04/02/2022 23:03:32,12.35,0.00,,,,
813,04/02/2022 23:18:32,12.35,0.00,,,,
814,04/02/2022 23:33:32,12.35,0.00,,,,
815,04/02/2022 23:48:32,12.35,0.00,,,,
816,04/03/2022 00:03:32,12.35,0.00,,,,
817,04/03/2022 00:18:32,12.31,0.00,,,,
818,04/03/2022 00:33:32,12.31,0.00,,,,
819,04/03/2022 00:48:32,12.35,0.00,,,,
820,04/03/2022 01:03:32,12.31,0.00,,,,
821,04/03/2022 01:18:32,12.31,0.00,,,,
822,04/03/2022 01:33:32,12.31,0.00,,,,
823,04/03/2022 01:48:32,12.35,0.00,,,,
824,04/03/2022 02:03:32,12.31,0.00,,,,
825,04/03/2022 02:18:32,12.31,0.00,,,,
826,04/03/2022 02:33:32,12.35,0.00,,,,
827,04/03/2022 02:48:32,12.31,0.00,,,,
828,04/03/2022 03:03:32,12.31,0.00,,,,
829,04/03/2022 03:18:32,12.27,0.00,,,,
830,04/03/2022 03:33:32,12.35,0.00,,,,
831,04/03/2022 03:48:32,12.27,0.00,,,,
832,04/03/2022 04:03:32,12.27,0.00,,,,
833,04/03/2022 04:18:32,12.31,0.00,,,,
834,04/03/2022 04:33:32,12.27,0.00,,,,
835,04/03/2022 04:48:32,12.31,0.00,,,,
836,04/03/2022 05:03:32,12.27,0.00,,,,
837,04/03/2022 05:18:32,12.22,0.00,,,,
838,04/03/2022 05:33:32,12.22,0.00,,,,
839,04/03/2022 05:48:32,12.27,0.00,,,,
840,04/03/2022 06:03:32,12.27,0.00,,,,
841,04/03/2022 06:18:32,12.22,0.00,,,,
842,04/03/2022 06:33:32,12.18,0.00,,,,
843,04/03/2022 06:48:32,12.22,0.00,,,,
844,04/03/2022 07:03:32,12.22,0.00,,,,
845,04/03/2022 07:18:32,12.22,0.00,,,,
846,04/03/2022 07:33:32,12.22,0.00,,,,
847,04/03/2022 07:48:32,12.18,0.00,,,,
848,04/03/2022 08:03:32,12.18,0.00,,,,
849,04/03/2022 08:18:32,12.18,0.00,,,,
850,04/03/2022 08:33:32,12.22,0.00,,,,
851,04/03/2022 08:48:32,12.18,0.00,,,,
852,04/03/2022 09:03:32,12.18,0.00,,,,
853,04/03/2022 09:18:32,12.27,0.00,,,,
854,04/03/2022 09:33:32,12.18,0.00,,,,
855,04/03/2022 09:48:32,12.22,0.00,,,,
856,04/03/2022 10:03:32,12.22,0.00,,,,
857,04/03/2022 10:18:32,12.22,0.00,,,,
858,04/03/2022 10:33:32,12.22,0.00,,,,
859,04/03/2022 10:48:32,12.22,0.00,,,,
860,04/03/2022 11:03:32,12.22,0.00,,,,
861,04/03/2022 11:18:32,12.31,0.00,,,,
862,04/03/2022 11:33:32,12.22,0.00,,,,
863,04/03/2022 11:48:32,12.31,0.00,,,,
864,04/03/2022 12:03:32,12.31,0.00,,,,
865,04/03/2022 12:18:32,12.31,0.00,,,,
866,04/03/2022 12:33:32,12.35,0.00,,,,
867,04/03/2022 12:48:32,12.35,0.00,,,,
868,04/03/2022 13:03:32,12.48,0.00,,,,
869,04/03/2022 13:18:32,12.44,0.00,,,,
870,04/03/2022 13:33:32,12.48,0.00,,,,
871,04/03/2022 13:48:32,12.52,0.00,,,,
872,04/03/2022 14:03:32,12.57,0.00,,,,
873,04/03/2022 14:18:32,12.52,0.00,,,,
874,04/03/2022 14:33:32,12.57,0.00,,,,
875,04/03/2022 14:48:32,12.65,0.00,,,,
876,04/03/2022 15:03:32,12.61,0.00,,,,
877,04/03/2022 15:18:32,12.70,0.00,,,,
878,04/03/2022 15:33:32,12.65,0.00,,,,
879,04/03/2022 15:48:32,12.74,0.00,,,,
880,04/03/2022 16:03:32,12.74,0.00,,,,
881,04/03/2022 16:18:32,12.78,0.00,,,,
882,04/03/2022 16:33:32,12.78,0.00,,,,
883,04/03/2022 16:48:32,12.87,0.00,,,,
884,04/03/2022 17:03:32,12.82,0.00,,,,
885,04/03/2022 17:18:32,12.87,0.00,,,,
886,04/03/2022 17:33:32,12.87,0.00,,,,
887,04/03/2022 17:48:32,12.91,0.00,,,,
888,04/03/2022 18:03:32,12.87,0.00,,,,
889,04/03/2022 18:18:32,12.91,0.00,,,,
890,04/03/2022 18:33:32,12.91,0.00,,,,
891,04/03/2022 18:48:32,12.95,0.00,,,,
892,04/03/2022 19:03:32,12.91,0.00,,,,
893,04/03/2022 19:18:32,12.95,0.00,,,,
894,04/03/2022 19:33:32,12.95,0.00,,,,
895,04/03/2022 19:48:32,12.95,0.00,,,,
896,04/03/2022 20:03:32,12.91,0.00,,,,
897,04/03/2022 20:18:32,12.91,0.00,,,,
898,04/03/2022 20:33:32,12.87,0.00,,,,
899,04/03/2022 20:48:32,12.87,0.00,,,,
900,04/03/2022 21:03:32,12.91,0.00,,,,
901,04/03/2022 21:18:32,12.87,0.00,,,,
902,04/03/2022 21:33:32,12.82,0.00,,,,
903,04/03/2022 21:48:32,12.82,0.00,,,,
904,04/03/2022 22:03:32,12.87,0.00,,,,
905,04/03/2022 22:18:32,12.78,0.00,,,,
906,04/03/2022 22:33:32,12.82,0.00,,,,
907,04/03/2022 22:48:32,12.78,0.00,,,,
908,04/03/2022 23:03:32,12.74,0.00,,,,
909,04/03/2022 23:18:32,12.70,0.00,,,,
910,04/03/2022 23:33:32,12.70,0.00,,,,
911,04/03/2022 23:48:32,12.70,0.00,,,,
912,04/04/2022 00:03:32,12.70,0.00,,,,
913,04/04/2022 00:18:32,12.61,0.00,,,,
914,04/04/2022 00:33:32,12.65,0.00,,,,
915,04/04/2022 00:48:32,12.61,0.00,,,,
916,04/04/2022 01:03:32,12.61,0.00,,,,
917,04/04/2022 01:18:32,12.57,0.00,,,,
918,04/04/2022 01:33:32,12.52,0.00,,,,
919,04/04/2022 01:48:32,12.48,0.00,,,,
920,04/04/2022 02:03:32,12.52,0.00,,,,
921,04/04/2022 02:18:32,12.48,0.00,,,,
922,04/04/2022 02:33:32,12.44,0.00,,,,
923,04/04/2022 02:48:32,12.48,0.00,,,,
924,04/04/2022 03:03:32,12.40,0.00,,,,
925,04/04/2022 03:18:32,12.40,0.00,,,,
926,04/04/2022 03:33:32,12.35,0.00,,,,
927,04/04/2022 03:48:32,12.35,0.00,,,,
928,04/04/2022 04:03:32,12.35,0.00,,,,
929,04/04/2022 04:18:32,12.31,0.00,,,,
930,04/04/2022 04:33:32,12.31,0.00,,,,
931,04/04/2022 04:48:32,12.31,0.00,,,,
932,04/04/2022 05:03:32,12.27,0.00,,,,
933,04/04/2022 05:18:32,12.27,0.00,,,,
934,04/04/2022 05:33:32,12.22,0.00,,,,
935,04/04/2022 05:48:32,12.18,0.00,,,,
936,04/04/2022 06:03:32,12.18,0.00,,,,
937,04/04/2022 06:18:32,12.14,0.00,,,,
938,04/04/2022 06:33:32,12.18,0.00,,,,
939,04/04/2022 06:48:32,12.14,0.00,,,,
940,04/04/2022 07:03:32,12.10,0.00,,,,
941,04/04/2022 07:18:32,12.14,0.00,,,,
942,04/04/2022 07:33:32,12.10,0.00,,,,
943,04/04/2022 07:48:32,12.14,0.00,,,,
944,04/04/2022 08:03:32,12.10,0.00,,,,
945,04/04/2022 08:18:32,12.05,0.00,,,,
946,04/04/2022 08:33:32,12.05,0.00,,,,
947,04/04/2022 08:48:32,12.05,0.00,,,,
948,04/04/2022 09:03:32,12.01,0.00,,,,
949,04/04/2022 09:18:32,12.05,0.00,,,,
950,04/04/2022 09:33:32,12.05,0.00,,,,
951,04/04/2022 09:48:32,12.01,0.00,,,,
952,04/04/2022 10:03:32,12.05,0.00,,,,
953,04/04/2022 10:18:32,12.05,0.00,,,,
954,04/04/2022 10:33:32,12.05,0.00,,,,
955,04/04/2022 10:48:32,12.10,0.00,,,,
956,04/04/2022 11:03:32,12.10,0.00,,,,
957,04/04/2022 11:18:32,12.18,52.10,,,,
958,04/04/2022 11:33:32,12.18,61.76,,,,
959,04/04/2022 11:48:32,12.27,77.76,,,,
960,04/04/2022 12:03:32,12.31,106.92,,,,
961,04/04/2022 12:18:32,12.31,107.80,,,,
962,04/04/2022 12:33:32,12.40,86.60,,,,
963,04/04/2022 12:48:32,12.44,92.76,,,,
964,04/04/2022 13:03:32,12.52,108.68,,,,
965,04/04/2022 13:18:32,12.61,102.52,,,,
966,04/04/2022 13:33:32,12.61,89.24,,,,
967,04/04/2022 13:48:32,12.74,99.00,,,,
968,04/04/2022 14:03:32,12.82,74.18,,,,
969,04/04/2022 14:18:32,12.87,43.74,,,,
970,04/04/2022 14:33:32,12.95,43.74,,,,
971,04/04/2022 14:48:32,13.04,1.09,,,,
972,04/04/2022 15:03:32,13.08,0.00,,,,
973,04/04/2022 15:18:32,13.12,0.00,,,,
974,04/04/2022 15:33:32,13.25,0.00,,,,
975,04/04/2022 15:48:32,13.25,0.00,,,,
976,04/04/2022 16:03:32,13.30,161.68,,,,
977,04/04/2022 16:18:32,13.43,126.40,,,,
978,04/04/2022 16:33:32,13.38,118.48,,,,
979,04/04/2022 16:48:32,13.43,55.66,,,,
980,04/04/2022 17:03:32,13.43,2.19,,,,
981,04/04/2022 17:18:32,13.47,97.16,,,,
982,04/04/2022 17:33:32,13.43,0.00,,,,
983,04/04/2022 17:48:32,13.43,0.00,,,,
984,04/04/2022 18:03:32,13.43,0.00,,,,
985,04/04/2022 18:18:32,13.43,0.00,,,,
986,04/04/2022 18:33:32,13.38,0.00,,,,
987,04/04/2022 18:48:32,13.38,0.00,,,,
988,04/04/2022 19:03:32,13.38,0.00,,,,
989,04/04/2022 19:18:32,13.34,0.00,,,,
990,04/04/2022 19:33:32,13.34,0.00,,,,
991,04/04/2022 19:48:32,13.34,0.00,,,,
992,04/04/2022 20:03:32,13.34,0.00,,,,
993,04/04/2022 20:18:32,13.30,0.00,,,,
994,04/04/2022 20:33:32,13.25,0.00,,,,
995,04/04/2022 20:48:32,13.25,0.00,,,,
996,04/04/2022 21:03:32,13.25,0.00,,,,
997,04/04/2022 21:18:32,13.25,0.00,,,,
998,04/04/2022 21:33:32,13.21,0.00,,,,
999,04/04/2022 21:48:32,13.17,0.00,,,,
1000,04/04/2022 22:03:32,13.17,0.00,,,,
1001,04/04/2022 22:18:32,13.12,0.00,,,,
1002,04/04/2022 22:33:32,13.12,0.00,,,,
1003,04/04/2022 22:48:32,13.08,0.00,,,,
1004,04/04/2022 23:03:32,13.08,0.00,,,,
1005,04/04/2022 23:18:32,13.04,0.00,,,,
1006,04/04/2022 23:33:32,13.04,0.00,,,,
1007,04/04/2022 23:48:32,13.04,0.00,,,,
1008,04/05/2022 00:03:32,13.04,0.00,,,,
1009,04/05/2022 00:18:32,13.04,0.00,,,,
1010,04/05/2022 00:33:32,13.00,0.00,,,,
1011,04/05/2022 00:48:32,13.00,0.00,,,,
1012,04/05/2022 01:03:32,12.95,0.00,,,,
1013,04/05/2022 01:18:32,12.95,0.00,,,,
1014,04/05/2022 01:33:32,12.95,0.00,,,,
1015,04/05/2022 01:48:32,12.95,0.00,,,,
1016,04/05/2022 02:03:32,12.91,0.00,,,,
1017,04/05/2022 02:18:32,12.95,0.00,,,,
1018,04/05/2022 02:33:32,12.87,0.00,,,,
1019,04/05/2022 02:48:32,12.91,0.00,,,,
1020,04/05/2022 03:03:32,12.91,0.00,,,,
1021,04/05/2022 03:18:32,12.87,0.00,,,,
1022,04/05/2022 03:33:32,12.87,0.00,,,,
1023,04/05/2022 03:48:32,12.87,0.00,,,,
1024,04/05/2022 04:03:32,12.82,0.00,,,,
1025,04/05/2022 04:18:32,12.78,0.00,,,,
1026,04/05/2022 04:33:32,12.82,0.00,,,,
1027,04/05/2022 04:48:32,12.78,0.00,,,,
1028,04/05/2022 05:03:32,12.78,0.00,,,,
1029,04/05/2022 05:18:32,12.74,0.00,,,,
1030,04/05/2022 05:33:32,12.74,0.00,,,,
1031,04/05/2022 05:48:32,12.78,0.00,,,,
1032,04/05/2022 06:03:32,12.74,0.00,,,,
1033,04/05/2022 06:18:32,12.74,0.00,,,,
1034,04/05/2022 06:33:32,12.78,0.00,,,,
1035,04/05/2022 06:48:32,12.74,0.00,,,,
1036,04/05/2022 07:03:32,12.70,0.00,,,,
1037,04/05/2022 07:18:32,12.70,0.00,,,,
1038,04/05/2022 07:33:32,12.74,0.00,,,,
1039,04/05/2022 07:48:32,12.74,0.00,,,,
1040,04/05/2022 08:03:32,12.74,0.00,,,,
1041,04/05/2022 08:18:32,12.70,0.00,,,,
1042,04/05/2022 08:33:32,12.70,0.00,,,,
1043,04/05/2022 08:48:32,12.70,0.00,,,,
1044,04/05/2022 09:03:32,12.65,0.00,,,,
1045,04/05/2022 09:18:32,12.70,0.00,,,,
1046,04/05/2022 09:33:32,12.74,0.00,,,,
1047,04/05/2022 09:48:32,12.74,0.00,,,,
1048,04/05/2022 10:03:32,12.70,0.00,,,,
1049,04/05/2022 10:18:32,12.74,0.00,,,,
1050,04/05/2022 10:33:32,12.78,0.00,,,,
1051,04/05/2022 10:48:32,12.78,0.00,,,,
1052,04/05/2022 11:03:32,12.82,0.00,,,,
1053,04/05/2022 11:18:32,12.78,0.00,,,,
1054,04/05/2022 11:33:32,12.82,0.00,,,,
1055,04/05/2022 11:48:32,12.82,0.00,,,,
1056,04/05/2022 12:03:32,12.91,0.00,,,,
1057,04/05/2022 12:18:32,12.95,0.00,,,,
1058,04/05/2022 12:33:32,13.00,0.00,,,,
1059,04/05/2022 12:48:32,13.00,0.00,,,,
1060,04/05/2022 13:03:32,12.95,0.00,,,,
1061,04/05/2022 13:18:32,13.04,0.00,,,,
1062,04/05/2022 13:33:32,13.04,0.00,,,,
1063,04/05/2022 13:48:32,13.08,0.00,,,,
1064,04/05/2022 14:03:32,13.08,0.00,,,,
1065,04/05/2022 14:18:32,13.12,0.00,,,,
1066,04/05/2022 14:33:32,13.12,0.00,,,,
1067,04/05/2022 14:48:32,13.17,0.00,,,,
1068,04/05/2022 15:03:32,13.17,0.00,,,,
1069,04/05/2022 15:18:32,13.21,0.00,,,,
1070,04/05/2022 15:33:32,13.25,0.00,,,,
1071,04/05/2022 15:48:32,13.25,0.00,,,,
1072,04/05/2022 16:03:32,13.25,0.00,,,,
1073,04/05/2022 16:18:32,13.25,0.00,,,,
1074,04/05/2022 16:33:32,13.25,0.00,,,,
1075,04/05/2022 16:48:32,13.30,0.00,,,,
1076,04/05/2022 17:03:32,13.30,67.48,,,,
1077,04/05/2022 17:18:32,13.30,0.00,,,,
1078,04/05/2022 17:33:32,13.30,0.00,,,,
1079,04/05/2022 17:48:32,13.30,0.00,,,,
1080,04/05/2022 18:03:32,13.34,0.00,,,,
1081,04/05/2022 18:18:32,13.34,0.00,,,,
1082,04/05/2022 18:33:32,13.30,0.00,,,,
1083,04/05/2022 18:48:32,13.30,0.00,,,,
1084,04/05/2022 19:03:32,13.30,0.00,,,,
1085,04/05/2022 19:18:32,13.30,0.00,,,,
1086,04/05/2022 19:33:32,13.25,0.00,,,,
1087,04/05/2022 19:48:32,13.30,0.00,,,,
1088,04/05/2022 20:03:32,13.25,0.00,,,,
1089,04/05/2022 20:18:32,13.25,0.00,,,,
1090,04/05/2022 20:33:32,13.25,0.00,,,,
1091,04/05/2022 20:48:32,13.17,0.00,,,,
1092,04/05/2022 21:03:32,13.21,0.00,,,,
1093,04/05/2022 21:18:32,13.17,0.00,,,,
1094,04/05/2022 21:33:32,13.12,0.00,,,,
1095,04/05/2022 21:48:32,13.17,0.00,,,,
1096,04/05/2022 22:03:32,13.17,0.00,,,,
1097,04/05/2022 22:18:32,13.08,0.00,,,,
1098,04/05/2022 22:33:32,13.12,0.00,,,,
1099,04/05/2022 22:48:32,13.08,0.00,,,,
1100,04/05/2022 23:03:32,13.08,0.00,,,,
1101,04/05/2022 23:18:32,13.04,0.00,,,,
1102,04/05/2022 23:33:32,13.04,0.00,,,,
1103,04/05/2022 23:48:32,13.04,0.00,,,,
1104,04/06/2022 00:03:32,13.04,0.00,,,,
1105,04/06/2022 00:18:32,13.00,0.00,,,,
1106,04/06/2022 00:33:32,13.00,0.00,,,,
1107,04/06/2022 00:48:32,12.95,0.00,,,,
1108,04/06/2022 01:03:32,12.95,0.00,,,,
1109,04/06/2022 01:18:32,12.95,0.00,,,,
1110,04/06/2022 01:33:32,12.95,0.00,,,,
1111,04/06/2022 01:48:32,12.87,0.00,,,,
1112,04/06/2022 02:03:32,12.91,0.00,,,,
1113,04/06/2022 02:18:32,12.91,0.00,,,,
1114,04/06/2022 02:33:32,12.87,0.00,,,,
1115,04/06/2022 02:48:32,12.82,0.00,,,,
1116,04/06/2022 03:03:32,12.87,0.00,,,,
1117,04/06/2022 03:18:32,12.82,0.00,,,,
1118,04/06/2022 03:33:32,12.78,0.00,,,,
1119,04/06/2022 03:48:32,12.78,0.00,,,,
1120,04/06/2022 04:03:32,12.70,0.00,,,,
1121,04/06/2022 04:18:32,12.74,0.00,,,,
1122,04/06/2022 04:33:32,12.74,0.00,,,,
1123,04/06/2022 04:48:32,12.74,0.00,,,,
1124,04/06/2022 05:03:32,12.74,0.00,,,,
1125,04/06/2022 05:18:32,12.70,0.00,,,,
1126,04/06/2022 05:33:32,12.65,0.00,,,,
1127,04/06/2022 05:48:32,12.70,0.00,,,,
1128,04/06/2022 06:03:32,12.65,0.00,,,,
1129,04/06/2022 06:18:32,12.61,0.00,,,,
1130,04/06/2022 06:33:32,12.57,0.00,,,,
1131,04/06/2022 06:48:32,12.61,0.00,,,,
1132,04/06/2022 07:03:32,12.61,0.00,,,,
1133,04/06/2022 07:18:32,12.52,0.00,,,,
1134,04/06/2022 07:33:32,12.52,0.00,,,,
1135,04/06/2022 07:48:32,12.52,0.00,,,,
1136,04/06/2022 08:03:32,12.48,0.00,,,,
1137,04/06/2022 08:18:32,12.48,0.00,,,,
1138,04/06/2022 08:33:32,12.44,0.00,,,,
1139,04/06/2022 08:48:32,12.44,0.00,,,,
1140,04/06/2022 09:03:32,12.48,0.00,,,,
1141,04/06/2022 09:18:32,12.48,0.00,,,,
1142,04/06/2022 09:33:32,12.48,0.00,,,,
1143,04/06/2022 09:48:32,12.48,0.00,,,,
1144,04/06/2022 10:03:32,12.52,0.00,,,,
1145,04/06/2022 10:18:32,12.57,55.22,,,,
1146,04/06/2022 10:33:32,12.61,41.48,,,,
1147,04/06/2022 10:48:32,12.61,98.04,,,,
1148,04/06/2022 11:03:32,12.65,45.94,,,,
1149,04/06/2022 11:18:32,12.74,109.56,,,,
1150,04/06/2022 11:33:32,12.78,95.40,,,,
1151,04/06/2022 11:48:32,12.91,0.00,,,,
1152,04/06/2022 12:03:32,12.87,0.00,,,,
1153,04/06/2022 12:18:32,12.91,0.00,,,,
1154,04/06/2022 12:33:32,13.00,0.00,,,,
1155,04/06/2022 12:48:32,13.00,0.00,,,,
1156,04/06/2022 13:03:32,13.04,0.00,,,,
1157,04/06/2022 13:18:32,13.08,0.00,,,,
1158,04/06/2022 13:33:32,13.08,0.00,,,,
1159,04/06/2022 13:48:32,13.17,0.00,,,,
1160,04/06/2022 14:03:32,13.17,0.00,,,,
1161,04/06/2022 14:18:32,13.21,0.00,,,,
1162,04/06/2022 14:33:32,13.25,0.00,,,,
1163,04/06/2022 14:48:32,13.30,0.00,,,,
1164,04/06/2022 15:03:32,13.25,0.00,,,,
1165,04/06/2022 15:18:32,13.34,0.00,,,,
1166,04/06/2022 15:33:32,13.30,0.00,,,,
1167,04/06/2022 15:48:32,13.34,178.48,,,,
1168,04/06/2022 16:03:32,13.34,0.00,,,,
1169,04/06/2022 16:18:32,13.34,0.00,,,,
1170,04/06/2022 16:33:32,13.38,0.00,,,,
1171,04/06/2022 16:48:32,13.38,0.00,,,,
1172,04/06/2022 17:03:32,13.43,0.00,,,,
1173,04/06/2022 17:18:32,13.47,0.00,,,,
1174,04/06/2022 17:33:32,13.43,0.00,,,,
1175,04/06/2022 17:48:32,13.43,0.00,,,,
1176,04/06/2022 18:03:32,13.43,0.00,,,,
1177,04/06/2022 18:18:32,13.43,0.00,,,,
1178,04/06/2022 18:33:32,13.47,0.00,,,,
1179,04/06/2022 18:48:32,13.43,0.00,,,,
1180,04/06/2022 19:03:32,13.43,0.00,,,,
1181,04/06/2022 19:18:32,13.43,0.00,,,,
1182,04/06/2022 19:33:32,13.43,0.00,,,,
1183,04/06/2022 19:48:32,13.38,0.00,,,,
1184,04/06/2022 20:03:32,13.38,0.00,,,,
1185,04/06/2022 20:18:32,13.34,0.00,,,,
1186,04/06/2022 20:33:32,13.34,0.00,,,,
1187,04/06/2022 20:48:32,13.34,0.00,,,,
1188,04/06/2022 21:03:32,13.34,0.00,,,,
1189,04/06/2022 21:18:32,13.34,0.00,,,,
1190,04/06/2022 21:33:32,13.34,0.00,,,,
1191,04/06/2022 21:48:32,13.30,0.00,,,,
1192,04/06/2022 22:03:32,13.25,0.00,,,,
1193,04/06/2022 22:18:32,13.25,0.00,,,,
1194,04/06/2022 22:33:32,13.25,0.00,,,,
1195,04/06/2022 22:48:32,13.21,0.00,,,,
1196,04/06/2022 23:03:32,13.21,0.00,,,,
1197,04/06/2022 23:18:32,13.21,0.00,,,,
1198,04/06/2022 23:33:32,13.17,0.00,,,,
1199,04/06/2022 23:48:32,13.17,0.00,,,,
1200,04/07/2022 00:03:32,13.17,0.00,,,,
1201,04/07/2022 00:18:32,13.12,0.00,,,,
1202,04/07/2022 00:33:32,13.12,0.00,,,,
1203,04/07/2022 00:48:32,13.08,0.00,,,,
1204,04/07/2022 01:03:32,13.08,0.00,,,,
1205,04/07/2022 01:18:32,13.04,0.00,,,,
1206,04/07/2022 01:33:32,13.04,0.00,,,,
1207,04/07/2022 01:48:32,13.04,0.00,,,,
1208,04/07/2022 02:03:32,13.00,0.00,,,,
1209,04/07/2022 02:18:32,13.00,0.00,,,,
1210,04/07/2022 02:33:32,13.00,0.00,,,,
1211,04/07/2022 02:48:32,13.00,0.00,,,,
1212,04/07/2022 03:03:32,13.00,0.00,,,,
1213,04/07/2022 03:18:32,12.95,0.00,,,,
1214,04/07/2022 03:33:32,13.00,0.00,,,,
1215,04/07/2022 03:48:32,12.95,0.00,,,,
1216,04/07/2022 04:03:32,12.95,0.00,,,,
1217,04/07/2022 04:18:32,12.91,0.00,,,,
1218,04/07/2022 04:33:32,12.91,0.00,,,,
1219,04/07/2022 04:48:32,12.87,0.00,,,,
1220,04/07/2022 05:03:32,12.87,0.00,,,,
1221,04/07/2022 05:18:32,12.87,0.00,,,,
1222,04/07/2022 05:33:32,12.87,0.00,,,,
1223,04/07/2022 05:48:32,12.87,0.00,,,,
1224,04/07/2022 06:03:32,12.87,0.00,,,,
1225,04/07/2022 06:18:32,12.91,0.00,,,,
1226,04/07/2022 06:33:32,12.82,0.00,,,,
1227,04/07/2022 06:48:32,12.82,0.00,,,,
1228,04/07/2022 07:03:32,12.87,0.00,,,,
1229,04/07/2022 07:18:32,12.87,0.00,,,,
1230,04/07/2022 07:33:32,12.91,0.00,,,,
1231,04/07/2022 07:48:32,12.87,0.00,,,,
1232,04/07/2022 08:03:32,12.82,0.00,,,,
1233,04/07/2022 08:18:32,12.82,0.00,,,,
1234,04/07/2022 08:33:32,12.82,0.00,,,,
1235,04/07/2022 08:48:32,12.82,0.00,,,,
1236,04/07/2022 09:03:32,12.87,0.00,,,,
1237,04/07/2022 09:18:32,12.87,0.00,,,,
1238,04/07/2022 09:33:32,12.91,0.00,,,,
1239,04/07/2022 09:48:32,12.95,0.00,,,,
1240,04/07/2022 10:03:32,12.95,0.00,,,,
1241,04/07/2022 10:18:32,12.91,0.00,,,,
1242,04/07/2022 10:33:32,12.95,0.00,,,,
1243,04/07/2022 10:48:32,12.95,0.00,,,,
1244,04/07/2022 11:03:32,13.04,0.00,,,,
1245,04/07/2022 11:18:32,13.04,0.00,,,,
1246,04/07/2022 11:33:32,13.08,0.00,,,,
1247,04/07/2022 11:48:32,13.08,0.00,,,,
1248,04/07/2022 12:03:32,13.08,0.00,,,,
1249,04/07/2022 12:18:32,13.12,0.00,,,,
1250,04/07/2022 12:33:32,13.17,0.00,,,,
1251,04/07/2022 12:48:32,13.21,0.00,,,,
1252,04/07/2022 13:03:32,13.25,0.00,,,,
1253,04/07/2022 13:18:32,13.21,0.00,,,,
1254,04/07/2022 13:33:32,13.25,0.00,,,,
1255,04/07/2022 13:48:32,13.30,0.00,,,,
1256,04/07/2022 14:03:32,13.30,0.00,,,,
1257,04/07/2022 14:18:32,13.34,0.00,,,,
1258,04/07/2022 14:33:32,13.34,0.00,,,,
1259,04/07/2022 14:48:32,13.34,0.00,,,,
1260,04/07/2022 15:03:32,13.34,0.00,,,,
1261,04/07/2022 15:18:32,13.38,0.00,,,,
1262,04/07/2022 15:33:32,13.38,0.00,,,,
1263,04/07/2022 15:48:32,13.43,0.00,,,,
1264,04/07/2022 16:03:32,13.47,0.00,,,,
1265,04/07/2022 16:18:32,13.47,0.00,,,,
1266,04/07/2022 16:33:32,13.43,0.00,,,,
1267,04/07/2022 16:48:32,13.47,0.00,,,,
1268,04/07/2022 17:03:32,13.47,0.00,,,,
1269,04/07/2022 17:18:32,13.47,0.00,,,,
1270,04/07/2022 17:33:32,13.51,0.00,,,,
1271,04/07/2022 17:48:32,13.47,0.00,,,,
1272,04/07/2022 18:03:32,13.47,0.00,,,,
1273,04/07/2022 18:18:32,13.47,0.00,,,,
1274,04/07/2022 18:33:32,13.47,0.00,,,,
1275,04/07/2022 18:48:32,13.47,0.00,,,,
1276,04/07/2022 19:03:32,13.47,0.00,,,,
1277,04/07/2022 19:18:32,13.43,0.00,,,,
1278,04/07/2022 19:33:32,13.47,0.00,,,,
1279,04/07/2022 19:48:32,13.47,0.00,,,,
1280,04/07/2022 20:03:32,13.47,0.00,,,,
1281,04/07/2022 20:18:32,13.43,0.00,,,,
1282,04/07/2022 20:33:32,13.43,0.00,,,,
1283,04/07/2022 20:48:32,13.43,0.00,,,,
1284,04/07/2022 21:03:32,13.38,0.00,,,,
1285,04/07/2022 21:18:32,13.43,0.00,,,,
1286,04/07/2022 21:33:32,13.38,0.00,,,,
1287,04/07/2022 21:48:32,13.38,0.00,,,,
1288,04/07/2022 22:03:32,13.38,0.00,,,,
1289,04/07/2022 22:18:32,13.34,0.00,,,,
1290,04/07/2022 22:33:32,13.30,0.00,,,,
1291,04/07/2022 22:48:32,13.30,0.00,,,,
1292,04/07/2022 23:03:32,13.34,0.00,,,,
1293,04/07/2022 23:18:32,13.30,0.00,,,,
1294,04/07/2022 23:33:32,13.30,0.00,,,,
1295,04/07/2022 23:48:32,13.25,0.00,,,,
1296,04/08/2022 00:03:32,13.30,0.00,,,,
1297,04/08/2022 00:18:32,13.21,0.00,,,,
1298,04/08/2022 00:33:32,13.25,0.00,,,,
1299,04/08/2022 00:48:32,13.21,0.00,,,,
1300,04/08/2022 01:03:32,13.17,0.00,,,,
1301,04/08/2022 01:18:32,13.21,0.00,,,,
1302,04/08/2022 01:33:32,13.21,0.00,,,,
1303,04/08/2022 01:48:32,13.21,0.00,,,,
1304,04/08/2022 02:03:32,13.17,0.00,,,,
1305,04/08/2022 02:18:32,13.17,0.00,,,,
1306,04/08/2022 02:33:32,13.17,0.00,,,,
1307,04/08/2022 02:48:32,13.17,0.00,,,,
1308,04/08/2022 03:03:32,13.17,0.00,,,,
1309,04/08/2022 03:18:32,13.12,0.00,,,,
1310,04/08/2022 03:33:32,13.12,0.00,,,,
1311,04/08/2022 03:48:32,13.08,0.00,,,,
1312,04/08/2022 04:03:32,13.12,0.00,,,,
1313,04/08/2022 04:18:32,13.08,0.00,,,,
1314,04/08/2022 04:33:32,13.08,0.00,,,,
1315,04/08/2022 04:48:32,13.08,0.00,,,,
1316,04/08/2022 05:03:32,13.08,0.00,,,,
1317,04/08/2022 05:18:32,13.04,0.00,,,,
1318,04/08/2022 05:33:32,13.04,0.00,,,,
1319,04/08/2022 05:48:32,13.08,0.00,,,,
1320,04/08/2022 06:03:32,13.04,0.00,,,,
1321,04/08/2022 06:18:32,13.04,0.00,,,,
1322,04/08/2022 06:33:32,13.04,0.00,,,,
1323,04/08/2022 06:48:32,13.04,0.00,,,,
1324,04/08/2022 07:03:32,13.04,0.00,,,,
1325,04/08/2022 07:18:32,13.04,0.00,,,,
1326,04/08/2022 07:33:32,13.00,0.00,,,,
1327,04/08/2022 07:48:32,13.00,0.00,,,,
1328,04/08/2022 08:03:32,13.04,0.00,,,,
1329,04/08/2022 08:18:32,13.04,0.00,,,,
1330,04/08/2022 08:33:32,13.04,0.00,,,,
1331,04/08/2022 08:48:32,13.04,0.00,,,,
1332,04/08/2022 09:03:32,13.04,0.00,,,,
1333,04/08/2022 09:18:32,13.08,0.00,,,,
1334,04/08/2022 09:33:32,13.04,0.00,,,,
1335,04/08/2022 09:48:32,13.08,0.00,,,,
1336,04/08/2022 10:03:32,13.08,0.00,,,,
1337,04/08/2022 10:18:32,13.04,0.00,,,,
1338,04/08/2022 10:33:32,13.12,0.00,,,,
1339,04/08/2022 10:48:32,13.12,0.00,,,,
1340,04/08/2022 11:03:32,13.17,0.00,,,,
1341,04/08/2022 11:18:32,13.12,0.00,,,,
1342,04/08/2022 11:33:32,13.25,0.00,,,,
1343,04/08/2022 11:48:32,13.25,0.00,,,,
1344,04/08/2022 12:03:32,13.25,0.00,,,,
1345,04/08/2022 12:18:32,13.30,0.00,,,,
1346,04/08/2022 12:33:32,13.30,0.00,,,,
1347,04/08/2022 12:48:32,13.30,0.00,,,,
1348,04/08/2022 13:03:32,13.34,0.00,,,,
1349,04/08/2022 13:18:32,13.34,0.00,,,,
1350,04/08/2022 13:33:32,13.34,0.00,,,,
1351,04/08/2022 13:48:32,13.43,0.00,,,,
1352,04/08/2022 14:03:32,13.73,0.00,,,,
1353,04/08/2022 14:18:32,14.03,0.00,,,,
1354,04/08/2022 14:33:32,14.45,0.00,,,,
1355,04/08/2022 14:48:32,14.50,0.00,,,,
1356,04/08/2022 15:03:32,14.41,0.00,,,,
1357,04/08/2022 15:18:32,14.37,0.00,,,,
1358,04/08/2022 15:33:32,14.28,92.76,,,,
1359,04/08/2022 15:48:32,14.24,0.00,,,,
1360,04/08/2022 16:03:32,14.15,0.00,,,,
1361,04/08/2022 16:18:32,14.15,0.00,,,,
1362,04/08/2022 16:33:32,14.11,0.00,,,,
1363,04/08/2022 16:48:32,14.07,0.00,,,,
1364,04/08/2022 17:03:32,13.98,0.00,,,,
1365,04/08/2022 17:18:32,13.94,0.00,,,,
1366,04/08/2022 17:33:32,13.90,0.00,,,,
1367,04/08/2022 17:48:32,13.81,0.00,,,,
1368,04/08/2022 18:03:32,13.81,0.00,,,,
1369,04/08/2022 18:18:32,13.81,0.00,,,,
1370,04/08/2022 18:33:32,13.98,0.00,,,,
1371,04/08/2022 18:48:32,14.28,0.00,,,,
1372,04/08/2022 19:03:32,14.24,0.00,,,,
1373,04/08/2022 19:18:32,14.24,0.00,,,,
1374,04/08/2022 19:33:32,14.24,0.00,,,,
1375,04/08/2022 19:48:32,14.20,0.00,,,,
1376,04/08/2022 20:03:32,14.15,0.00,,,,
1377,04/08/2022 20:18:32,14.11,0.00,,,,
1378,04/08/2022 20:33:32,14.11,0.00,,,,
1379,04/08/2022 20:48:32,14.11,0.00,,,,
1380,04/08/2022 21:03:32,14.03,0.00,,,,
1381,04/08/2022 21:18:32,14.03,0.00,,,,
1382,04/08/2022 21:33:32,14.03,0.00,,,,
1383,04/08/2022 21:48:32,13.98,0.00,,,,
1384,04/08/2022 22:03:32,13.90,0.00,,,,
1385,04/08/2022 22:18:32,13.94,0.00,,,,
1386,04/08/2022 22:33:32,13.85,0.00,,,,
1387,04/08/2022 22:48:32,13.90,0.00,,,,
1388,04/08/2022 23:03:32,13.85,0.00,,,,
1389,04/08/2022 23:18:32,13.81,0.00,,,,
1390,04/08/2022 23:33:32,13.77,0.00,,,,
1391,04/08/2022 23:48:32,13.77,0.00,,,,
1392,04/09/2022 00:03:32,13.73,0.00,,,,
1393,04/09/2022 00:18:32,13.73,0.00,,,,
1394,04/09/2022 00:33:32,13.68,0.00,,,,
1395,04/09/2022 00:48:32,13.64,0.00,,,,
1396,04/09/2022 01:03:32,13.64,0.00,,,,
1397,04/09/2022 01:18:32,13.60,0.00,,,,
1398,04/09/2022 01:33:32,13.55,0.00,,,,
1399,04/09/2022 01:48:32,13.55,0.00,,,,
1400,04/09/2022 02:03:32,13.55,0.00,,,,
1401,04/09/2022 02:18:32,13.51,0.00,,,,
1402,04/09/2022 02:33:32,13.47,0.00,,,,
1403,04/09/2022 02:48:32,13.47,0.00,,,,
1404,04/09/2022 03:03:32,13.43,0.00,,,,
1405,04/09/2022 03:18:32,13.47,0.00,,,,
1406,04/09/2022 03:33:32,13.43,0.00,,,,
1407,04/09/2022 03:48:32,13.38,0.00,,,,
1408,04/09/2022 04:03:32,13.38,0.00,,,,
1409,04/09/2022 04:18:32,13.38,0.00,,,,
1410,04/09/2022 04:33:32,13.34,0.00,,,,
1411,04/09/2022 04:48:32,13.38,0.00,,,,
1412,04/09/2022 05:03:32,13.34,0.00,,,,
1413,04/09/2022 05:18:32,13.34,0.00,,,,
1414,04/09/2022 05:33:32,13.25,0.00,,,,
1415,04/09/2022 05:48:32,13.21,0.00,,,,
1416,04/09/2022 06:03:32,13.30,0.00,,,,
1417,04/09/2022 06:18:32,13.25,0.00,,,,
1418,04/09/2022 06:33:32,13.21,0.00,,,,
1419,04/09/2022 06:48:32,13.17,0.00,,,,
1420,04/09/2022 07:03:32,13.21,0.00,,,,
1421,04/09/2022 07:18:32,13.17,0.00,,,,
1422,04/09/2022 07:33:32,13.12,0.00,,,,
1423,04/09/2022 07:48:32,13.12,0.00,,,,
1424,04/09/2022 08:03:32,13.12,0.00,,,,
1425,04/09/2022 08:18:32,13.12,0.00,,,,
1426,04/09/2022 08:33:32,13.08,0.00,,,,
1427,04/09/2022 08:48:32,13.08,0.00,,,,
1428,04/09/2022 09:03:32,13.12,0.00,,,,
1429,04/09/2022 09:18:32,13.08,0.00,,,,
1430,04/09/2022 09:33:32,13.08,0.00,,,,
1431,04/09/2022 09:48:32,13.12,0.00,,,,
1432,04/09/2022 10:03:32,13.08,0.00,,,,
1433,04/09/2022 10:18:32,13.08,0.00,,,,
1434,04/09/2022 10:33:32,13.17,0.00,,,,
1435,04/09/2022 10:48:32,13.21,0.00,,,,
1436,04/09/2022 11:03:32,13.30,0.00,,,,
1437,04/09/2022 11:18:32,13.38,0.00,,,,
1438,04/09/2022 11:33:32,13.43,0.00,,,,
1439,04/09/2022 11:48:32,13.43,53.90,,,,
1440,04/09/2022 12:03:32,13.60,78.70,,,,
1441,04/09/2022 12:18:32,13.64,0.00,,,,
1442,04/09/2022 12:33:32,13.73,0.00,,,,
1443,04/09/2022 12:48:32,13.77,0.00,,,,
1444,04/09/2022 13:03:32,13.85,0.00,,,,
1445,04/09/2022 13:18:32,13.94,0.00,,,,
1446,04/09/2022 13:33:32,14.03,0.00,,,,
1447,04/09/2022 13:48:32,14.15,0.00,,,,
1448,04/09/2022 14:03:32,14.20,0.00,,,,
1449,04/09/2022 14:18:32,14.28,0.00,,,,
1450,04/09/2022 14:33:32,14.33,0.00,,,,
1451,04/09/2022 14:48:32,14.45,0.00,,,,
1452,04/09/2022 15:03:32,14.54,0.00,,,,
1453,04/09/2022 15:18:32,14.58,0.00,,,,
1454,04/09/2022 15:33:32,14.67,0.00,,,,
1455,04/09/2022 15:48:32,14.71,0.00,,,,
1456,04/09/2022 16:03:32,14.80,0.00,,,,
1457,04/09/2022 16:18:32,14.88,0.00,,,,
1458,04/09/2022 16:33:32,14.97,0.00,,,,
1459,04/09/2022 16:48:32,15.06,0.00,,,,
1460,04/09/2022 17:03:32,15.10,0.00,,,,
1461,04/09/2022 17:18:32,15.23,0.00,,,,
1462,04/09/2022 17:33:32,15.27,0.00,,,,
1463,04/09/2022 17:48:32,15.36,0.00,,,,
1464,04/09/2022 18:03:32,15.44,0.00,,,,
1465,04/09/2022 18:18:32,15.53,0.00,,,,
1466,04/09/2022 18:33:32,15.61,0.00,,,,
1467,04/09/2022 18:48:32,15.66,0.00,,,,
1468,04/09/2022 19:03:32,15.70,0.00,,,,
1469,04/09/2022 19:18:32,15.83,0.00,,,,
1470,04/09/2022 19:33:32,15.87,0.00,,,,
1471,04/09/2022 19:48:32,15.91,0.00,,,,
1472,04/09/2022 20:03:32,15.96,0.00,,,,
1473,04/09/2022 20:18:32,16.04,0.00,,,,
1474,04/09/2022 20:33:32,16.13,0.00,,,,
1475,04/09/2022 20:48:32,16.21,0.00,,,,
1476,04/09/2022 21:03:32,16.26,0.00,,,,
1477,04/09/2022 21:18:32,16.34,0.00,,,,
1478,04/09/2022 21:33:32,16.34,0.00,,,,
1479,04/09/2022 21:48:32,16.43,0.00,,,,
1480,04/09/2022 22:03:32,16.51,0.00,,,,
1481,04/09/2022 22:18:32,16.51,0.00,,,,
1482,04/09/2022 22:33:32,16.56,0.00,,,,
1483,04/09/2022 22:48:32,16.64,0.00,,,,
1484,04/09/2022 23:03:32,16.69,0.00,,,,
1485,04/09/2022 23:18:32,16.77,0.00,,,,
1486,04/09/2022 23:33:32,16.77,0.00,,,,
1487,04/09/2022 23:48:32,16.86,0.21,,,,
1488,04/10/2022 00:03:32,16.90,0.00,,,,
1489,04/10/2022 00:18:32,16.94,0.00,,,,
1490,04/10/2022 00:33:32,16.99,0.00,,,,
1491,04/10/2022 00:48:32,17.03,0.00,,,,
1492,04/10/2022 01:03:32,17.07,0.00,,,,
1493,04/10/2022 01:18:32,17.11,0.00,,,,
1494,04/10/2022 01:33:32,17.20,0.00,,,,
1495,04/10/2022 01:48:32,17.24,0.00,,,,
1496,04/10/2022 02:03:32,17.24,0.00,,,,
1497,04/10/2022 02:18:32,17.29,0.00,,,,
1498,04/10/2022 02:33:32,17.37,0.00,,,,
1499,04/10/2022 02:48:32,17.41,0.00,,,,
1500,04/10/2022 03:03:32,17.46,0.00,,,,
1501,04/10/2022 03:18:32,17.46,0.00,,,,
1502,04/10/2022 03:33:32,17.46,0.00,,,,
1503,04/10/2022 03:48:32,17.54,0.00,,,,
1504,04/10/2022 04:03:32,17.54,0.00,,,,
1505,04/10/2022 04:18:32,17.59,0.00,,,,
1506,04/10/2022 04:33:32,17.59,0.00,,,,
1507,04/10/2022 04:48:32,17.63,0.00,,,,
1508,04/10/2022 05:03:32,17.67,0.00,,,,
1509,04/10/2022 05:18:32,17.67,0.00,,,,
1510,04/10/2022 05:33:32,17.72,0.00,,,,
1511,04/10/2022 05:48:32,17.76,0.00,,,,
1512,04/10/2022 06:03:32,17.80,0.00,,,,
1513,04/10/2022 06:18:32,17.84,0.00,,,,
1514,04/10/2022 06:33:32,17.89,0.00,,,,
1515,04/10/2022 06:48:32,17.84,0.00,,,,
1516,04/10/2022 07:03:32,17.89,0.00,,,,
1517,04/10/2022 07:18:32,17.97,0.00,,,,
1518,04/10/2022 07:33:32,17.97,0.00,,,,
1519,04/10/2022 07:48:32,18.02,0.00,,,,
1520,04/10/2022 08:03:32,18.06,0.00,,,,
1521,04/10/2022 08:18:32,18.06,0.00,,,,
1522,04/10/2022 08:33:32,18.06,0.00,,,,
1523,04/10/2022 08:48:32,18.10,0.00,,,,
1524,04/10/2022 09:03:32,18.14,0.00,,,,
1525,04/10/2022 09:18:32,18.14,0.00,,,,
1526,04/10/2022 09:33:32,18.19,0.00,,,,
1527,04/10/2022 09:48:32,18.23,0.00,,,,
1528,04/10/2022 10:03:32,18.27,0.00,,,,
1529,04/10/2022 10:18:32,18.32,0.00,,,,
1530,04/10/2022 10:33:32,18.36,0.00,,,,
1531,04/10/2022 10:48:32,18.36,0.00,,,,
1532,04/10/2022 11:03:32,18.40,0.00,,,,
1533,04/10/2022 11:18:32,18.44,0.00,,,,
1534,04/10/2022 11:33:32,18.49,0.00,,,,
1535,04/10/2022 11:48:32,18.53,0.00,,,,
1536,04/10/2022 12:03:32,18.53,0.00,,,,
1537,04/10/2022 12:18:32,18.62,0.00,,,,
1538,04/10/2022 12:33:32,18.70,0.00,,,,
1539,04/10/2022 12:48:32,18.70,0.00,,,,
1540,04/10/2022 13:03:32,18.70,0.00,,,,
1541,04/10/2022 13:18:32,18.83,0.00,,,,
1542,04/10/2022 13:33:32,18.83,0.00,,,,
1543,04/10/2022 13:48:32,18.83,0.00,,,,
1544,04/10/2022 14:03:32,18.96,0.00,,,,
1545,04/10/2022 14:18:32,19.00,0.00,,,,
1546,04/10/2022 14:33:32,19.05,0.00,,,,
1547,04/10/2022 14:48:32,19.09,0.00,,,,
1548,04/10/2022 15:03:32,19.13,0.00,,,,
1549,04/10/2022 15:18:32,19.13,0.00,,,,
1550,04/10/2022 15:33:32,19.17,0.00,,,,
1551,04/10/2022 15:48:32,19.22,0.00,,,,
1552,04/10/2022 16:03:32,19.30,0.00,,,,
1553,04/10/2022 16:18:32,19.30,0.00,,,,
1554,04/10/2022 16:33:32,19.39,0.00,,,,
1555,04/10/2022 16:48:32,19.39,0.00,,,,
1556,04/10/2022 17:03:32,19.47,0.00,,,,
1557,04/10/2022 17:18:32,19.47,0.00,,,,
1558,04/10/2022 17:33:32,19.52,0.00,,,,
1559,04/10/2022 17:48:32,19.60,0.00,,,,
1560,04/10/2022 18:03:32,19.60,0.00,,,,
1561,04/10/2022 18:18:32,19.69,0.00,,,,
1562,04/10/2022 18:33:32,19.73,0.00,,,,
1563,04/10/2022 18:48:32,19.73,0.00,,,,
1564,04/10/2022 19:03:32,19.77,0.00,,,,
1565,04/10/2022 19:18:32,19.86,0.00,,,,
1566,04/10/2022 19:33:32,19.86,0.00,,,,
1567,04/10/2022 19:48:32,19.90,0.00,,,,
1568,04/10/2022 20:03:32,20.03,0.00,,,,
1569,04/10/2022 20:18:32,20.03,0.00,,,,
1570,04/10/2022 20:33:32,20.07,0.00,,,,
1571,04/10/2022 20:48:32,20.12,0.00,,,,
1572,04/10/2022 21:03:32,20.12,0.00,,,,
1573,04/10/2022 21:18:32,20.16,0.00,,,,
1574,04/10/2022 21:33:32,20.20,0.00,,,,
1575,04/10/2022 21:48:32,20.25,0.00,,,,
1576,04/10/2022 22:03:32,20.25,0.00,,,,
1577,04/10/2022 22:18:32,20.29,0.00,,,,
1578,04/10/2022 22:33:32,20.29,0.00,,,,
1579,04/10/2022 22:48:32,20.33,0.00,,,,
1580,04/10/2022 23:03:32,20.33,0.00,,,,
1581,04/10/2022 23:18:32,20.37,0.00,,,,
1582,04/10/2022 23:33:32,20.37,0.00,,,,
1583,04/10/2022 23:48:32,20.46,0.00,,,,
1584,04/11/2022 00:03:32,20.42,0.00,,,,
1585,04/11/2022 00:18:32,20.46,0.00,,,,
1586,04/11/2022 00:33:32,20.55,0.00,,,,
1587,04/11/2022 00:48:32,20.50,0.00,,,,
1588,04/11/2022 01:03:32,20.55,0.00,,,,
1589,04/11/2022 01:18:32,20.50,0.00,,,,
1590,04/11/2022 01:33:32,20.55,0.00,,,,
1591,04/11/2022 01:48:32,20.55,0.00,,,,
1592,04/11/2022 02:03:32,20.59,0.00,,,,
1593,04/11/2022 02:18:32,20.59,0.00,,,,
1594,04/11/2022 02:33:32,20.63,0.00,,,,
1595,04/11/2022 02:48:32,20.68,0.00,,,,
1596,04/11/2022 03:03:32,20.63,0.00,,,,
1597,04/11/2022 03:18:32,20.68,0.00,,,,
1598,04/11/2022 03:33:32,20.68,0.00,,,,
1599,04/11/2022 03:48:32,20.72,0.00,,,,
1600,04/11/2022 04:03:32,20.72,0.00,,,,
1601,04/11/2022 04:18:32,20.68,0.00,,,,
1602,04/11/2022 04:33:32,20.76,0.00,,,,
1603,04/11/2022 04:48:32,20.72,0.00,,,,
1604,04/11/2022 05:03:32,20.76,0.00,,,,
1605,04/11/2022 05:18:32,20.76,0.00,,,,
1606,04/11/2022 05:33:32,20.76,0.00,,,,
1607,04/11/2022 05:48:32,20.76,0.00,,,,
1608,04/11/2022 06:03:32,20.80,0.00,,,,
1609,04/11/2022 06:18:32,20.80,0.00,,,,
1610,04/11/2022 06:33:32,20.80,0.00,,,,
1611,04/11/2022 06:48:32,20.80,0.00,,,,
1612,04/11/2022 07:03:32,20.85,0.00,,,,
1613,04/11/2022 07:18:32,20.80,0.00,,,,
1614,04/11/2022 07:33:32,20.85,0.00,,,,
1615,04/11/2022 07:48:32,20.85,0.00,,,,
1616,04/11/2022 08:03:32,20.85,0.00,,,,
1617,04/11/2022 08:18:32,20.85,0.00,,,,
1618,04/11/2022 08:33:32,20.85,0.00,,,,
1619,04/11/2022 08:48:32,20.89,0.00,,,,
1620,04/11/2022 09:03:32,20.89,0.00,,,,
1621,04/11/2022 09:18:32,20.89,0.00,,,,
1622,04/11/2022 09:33:32,20.93,0.00,,,,
1623,04/11/2022 09:48:32,20.89,0.00,,,,
1624,04/11/2022 10:03:32,20.93,0.00,,,,
1625,04/11/2022 10:18:32,20.93,0.00,,,,
1626,04/11/2022 10:33:32,20.93,0.00,,,,
1627,04/11/2022 10:48:32,20.98,0.00,,,,
1628,04/11/2022 11:03:32,20.98,0.00,,,,
1629,04/11/2022 11:18:32,21.02,0.00,,,,
1630,04/11/2022 11:33:32,21.02,0.00,,,,
1631,04/11/2022 11:48:32,21.02,0.00,,,,
1632,04/11/2022 12:03:32,21.10,0.00,,,,
1633,04/11/2022 12:18:32,21.06,0.00,,,,
1634,04/11/2022 12:33:32,21.10,0.00,,,,
1635,04/11/2022 12:48:32,21.10,0.00,,,,
1636,04/11/2022 13:03:32,21.15,0.00,,,,
1637,04/11/2022 13:18:32,21.19,0.00,,,,
1638,04/11/2022 13:33:32,21.19,0.00,,,,
1639,04/11/2022 13:48:32,21.19,0.00,,,,
1640,04/11/2022 14:03:32,21.19,0.00,,,,
1641,04/11/2022 14:18:32,21.28,0.00,,,,
1642,04/11/2022 14:33:32,21.23,0.00,,,,
1643,04/11/2022 14:48:32,21.28,0.00,,,,
1644,04/11/2022 15:03:32,21.28,0.00,,,,
1645,04/11/2022 15:18:32,21.28,0.00,,,,
1646,04/11/2022 15:33:32,21.32,0.00,,,,
1647,04/11/2022 15:48:32,21.36,0.00,,,,
1648,04/11/2022 16:03:32,21.36,0.00,,,,
1649,04/11/2022 16:18:32,21.40,0.00,,,,
1650,04/11/2022 16:33:32,21.40,0.00,,,,
1651,04/11/2022 16:48:32,21.40,0.00,,,,
1652,04/11/2022 17:03:32,21.49,0.00,,,,
1653,04/11/2022 17:18:32,21.49,0.00,,,,
1654,04/11/2022 17:33:32,21.49,0.00,,,,
1655,04/11/2022 17:48:32,21.53,0.00,,,,
1656,04/11/2022 18:03:32,21.58,0.00,,,,
1657,04/11/2022 18:18:32,21.53,0.00,,,,
1658,04/11/2022 18:33:32,21.58,0.00,,,,
1659,04/11/2022 18:48:32,21.66,0.00,,,,
1660,04/11/2022 19:03:32,21.62,0.00,,,,
1661,04/11/2022 19:18:32,21.62,0.00,,,,
1662,04/11/2022 19:33:32,21.62,0.00,,,,
1663,04/11/2022 19:48:32,21.70,0.00,,,,
1664,04/11/2022 20:03:32,21.70,0.00,,,,
1665,04/11/2022 20:18:32,21.70,0.00,,,,
1666,04/11/2022 20:33:32,21.70,0.00,,,,
1667,04/11/2022 20:48:32,21.79,0.00,,,,
1668,04/11/2022 21:03:32,21.75,0.00,,,,
1669,04/11/2022 21:18:32,21.79,0.00,,,,
1670,04/11/2022 21:33:32,21.79,0.00,,,,
1671,04/11/2022 21:48:32,21.79,0.00,,,,
1672,04/11/2022 22:03:32,21.79,0.00,,,,
1673,04/11/2022 22:18:32,21.83,0.00,,,,
1674,04/11/2022 22:33:32,21.83,0.00,,,,
1675,04/11/2022 22:48:32,21.88,0.00,,,,
1676,04/11/2022 23:03:32,21.83,0.00,,,,
1677,04/11/2022 23:18:32,21.88,0.00,,,,
1678,04/11/2022 23:33:32,21.96,0.00,,,,
1679,04/11/2022 23:48:32,21.92,0.00,,,,
1680,04/12/2022 00:03:32,21.92,0.00,,,,
1681,04/12/2022 00:18:32,21.92,0.00,,,,
1682,04/12/2022 00:33:32,21.92,0.00,,,,
1683,04/12/2022 00:48:32,21.96,0.00,,,,
1684,04/12/2022 01:03:32,21.96,0.00,,,,
1685,04/12/2022 01:18:32,21.96,0.00,,,,
1686,04/12/2022 01:33:32,21.92,0.00,,,,
1687,04/12/2022 01:48:32,21.96,0.00,,,,
1688,04/12/2022 02:03:32,21.96,0.00,,,,
1689,04/12/2022 02:18:32,21.96,0.00,,,,
1690,04/12/2022 02:33:32,21.96,0.00,,,,
1691,04/12/2022 02:48:32,21.96,0.00,,,,
1692,04/12/2022 03:03:32,21.96,0.00,,,,
1693,04/12/2022 03:18:32,21.92,0.00,,,,
1694,04/12/2022 03:33:32,21.96,0.00,,,,
1695,04/12/2022 03:48:32,21.96,0.00,,,,
1696,04/12/2022 04:03:32,21.92,0.00,,,,
1697,04/12/2022 04:18:32,21.96,0.00,,,,
1698,04/12/2022 04:33:32,21.88,0.00,,,,
1699,04/12/2022 04:48:32,21.88,0.00,,,,
1700,04/12/2022 05:03:32,21.88,0.00,,,,
1701,04/12/2022 05:18:32,21.88,0.00,,,,
1702,04/12/2022 05:33:32,21.92,0.00,,,,
1703,04/12/2022 05:48:32,21.88,0.00,,,,
1704,04/12/2022 06:03:32,21.88,0.00,,,,
1705,04/12/2022 06:18:32,21.88,0.00,,,,
1706,04/12/2022 06:33:32,21.83,0.00,,,,
1707,04/12/2022 06:48:32,21.83,0.00,,,,
1708,04/12/2022 07:03:32,21.83,0.00,,,,
1709,04/12/2022 07:18:32,21.79,0.00,,,,
1710,04/12/2022 07:33:32,21.75,0.00,,,,
1711,04/12/2022 07:48:32,21.75,0.00,,,,
1712,04/12/2022 08:03:32,21.75,0.00,,,,
1713,04/12/2022 08:18:32,21.75,0.00,,,,
1714,04/12/2022 08:33:32,21.70,0.00,,,,
1715,04/12/2022 08:48:32,21.66,0.00,,,,
1716,04/12/2022 09:03:32,21.66,0.00,,,,
1717,04/12/2022 09:18:32,21.62,0.00,,,,
1718,04/12/2022 09:33:32,21.66,0.00,,,,
1719,04/12/2022 09:48:32,21.62,0.00,,,,
1720,04/12/2022 10:03:32,21.62,0.00,,,,
1721,04/12/2022 10:18:32,21.62,0.00,,,,
1722,04/12/2022 10:33:32,21.58,0.00,,,,
1723,04/12/2022 10:48:32,21.62,0.00,,,,
1724,04/12/2022 11:03:32,21.62,119.24,,,,
1725,04/12/2022 11:18:32,21.58,75.06,,,,
1726,04/12/2022 11:33:32,21.53,0.00,,,,
1727,04/12/2022 11:48:32,21.53,0.00,,,,
1728,04/12/2022 12:03:32,21.53,0.00,,,,
1729,04/12/2022 12:18:32,21.58,0.00,,,,
1730,04/12/2022 12:33:32,21.49,0.00,,,,
1731,04/12/2022 12:48:32,21.58,0.00,,,,
1732,04/12/2022 13:03:32,21.53,0.00,,,,
1733,04/12/2022 13:18:32,21.58,0.00,,,,
1734,04/12/2022 13:33:32,21.58,0.00,,,,
1735,04/12/2022 13:48:32,21.58,0.00,,,,
1736,04/12/2022 14:03:32,21.62,0.00,,,,
1737,04/12/2022 14:18:32,21.66,0.00,,,,
1738,04/12/2022 14:33:32,21.62,0.00,,,,
1739,04/12/2022 14:48:32,21.66,0.00,,,,
1740,04/12/2022 15:03:32,21.70,0.00,,,,
1741,04/12/2022 15:18:32,21.70,0.00,,,,
1742,04/12/2022 15:33:32,21.70,0.00,,,,
1743,04/12/2022 15:48:32,21.75,0.00,,,,
1744,04/12/2022 16:03:32,21.79,0.00,,,,
1745,04/12/2022 16:18:32,21.79,0.00,,,,
1746,04/12/2022 16:33:32,21.83,0.00,,,,
1747,04/12/2022 16:48:32,21.83,0.00,,,,
1748,04/12/2022 17:03:32,21.88,0.00,,,,
1749,04/12/2022 17:18:32,21.88,0.00,,,,
1750,04/12/2022 17:33:32,21.92,0.00,,,,
1751,04/12/2022 17:48:32,21.88,0.00,,,,
1752,04/12/2022 18:03:32,21.92,0.00,,,,
1753,04/12/2022 18:18:32,22.01,0.00,,,,
1754,04/12/2022 18:33:32,22.01,0.00,,,,
1755,04/12/2022 18:48:32,22.01,0.00,,,,
1756,04/12/2022 19:03:32,22.01,0.00,,,,
1757,04/12/2022 19:18:32,22.05,0.00,,,,
1758,04/12/2022 19:33:32,22.05,0.00,,,,
1759,04/12/2022 19:48:32,22.09,0.00,,,,
1760,04/12/2022 20:03:32,22.13,0.00,,,,
1761,04/12/2022 20:18:32,22.18,0.00,,,,
1762,04/12/2022 20:33:32,22.18,0.00,,,,
1763,04/12/2022 20:48:32,22.18,0.00,,,,
1764,04/12/2022 21:03:32,22.22,0.00,,,,
1765,04/12/2022 21:18:32,22.22,0.00,,,,
1766,04/12/2022 21:33:32,22.31,0.00,,,,
1767,04/12/2022 21:48:32,22.31,0.00,,,,
1768,04/12/2022 22:03:32,22.26,0.00,,,,
1769,04/12/2022 22:18:32,22.31,0.00,,,,
1770,04/12/2022 22:33:32,22.31,0.00,,,,
1771,04/12/2022 22:48:32,22.35,0.00,,,,
1772,04/12/2022 23:03:32,22.31,0.00,,,,
1773,04/12/2022 23:18:32,22.31,0.00,,,,
1774,04/12/2022 23:33:32,22.35,0.00,,,,
1775,04/12/2022 23:48:32,22.35,0.00,,,,
1776,04/13/2022 00:03:32,22.35,0.00,,,,
1777,04/13/2022 00:18:32,22.35,0.00,,,,
1778,04/13/2022 00:33:32,22.39,0.00,,,,
1779,04/13/2022 00:48:32,22.39,0.00,,,,
1780,04/13/2022 01:03:32,22.39,0.00,,,,
1781,04/13/2022 01:18:32,22.39,0.00,,,,
1782,04/13/2022 01:33:32,22.48,0.00,,,,
1783,04/13/2022 01:48:32,22.43,0.00,,,,
1784,04/13/2022 02:03:32,22.43,0.00,,,,
1785,04/13/2022 02:18:32,22.43,0.00,,,,
1786,04/13/2022 02:33:32,22.43,0.00,,,,
1787,04/13/2022 02:48:32,22.43,0.00,,,,
1788,04/13/2022 03:03:32,22.48,0.00,,,,
1789,04/13/2022 03:18:32,22.43,0.00,,,,
1790,04/13/2022 03:33:32,22.39,0.00,,,,
1791,04/13/2022 03:48:32,22.48,0.00,,,,
1792,04/13/2022 04:03:32,22.43,0.00,,,,
1793,04/13/2022 04:18:32,22.43,0.00,,,,
1794,04/13/2022 04:33:32,22.48,0.00,,,,
1795,04/13/2022 04:48:32,22.39,0.00,,,,
1796,04/13/2022 05:03:32,22.48,0.00,,,,
1797,04/13/2022 05:18:32,22.43,0.00,,,,
1798,04/13/2022 05:33:32,22.43,0.00,,,,
1799,04/13/2022 05:48:32,22.43,0.00,,,,
1800,04/13/2022 06:03:32,22.39,0.00,,,,
1801,04/13/2022 06:18:32,22.43,0.00,,,,
1802,04/13/2022 06:33:32,22.39,0.00,,,,
1803,04/13/2022 06:48:32,22.39,0.00,,,,
1804,04/13/2022 07:03:32,22.39,0.00,,,,
1805,04/13/2022 07:18:32,22.35,0.00,,,,
1806,04/13/2022 07:33:32,22.39,0.00,,,,
1807,04/13/2022 07:48:32,22.35,0.00,,,,
1808,04/13/2022 08:03:32,22.31,0.00,,,,
1809,04/13/2022 08:18:32,22.31,0.00,,,,
1810,04/13/2022 08:33:32,22.31,0.00,,,,
1811,04/13/2022 08:48:32,22.31,0.00,,,,
1812,04/13/2022 09:03:32,22.31,0.00,,,,
1813,04/13/2022 09:18:32,22.26,0.00,,,,
1814,04/13/2022 09:33:32,22.26,0.00,,,,
1815,04/13/2022 09:48:32,22.26,0.00,,,,
1816,04/13/2022 10:03:32,22.22,0.00,,,,
1817,04/13/2022 10:18:32,22.22,0.00,,,,
1818,04/13/2022 10:33:32,22.26,0.00,,,,
1819,04/13/2022 10:48:32,22.22,0.00,,,,
1820,04/13/2022 11:03:32,22.26,0.00,,,,
1821,04/13/2022 11:18:32,22.26,0.00,,,,
1822,04/13/2022 11:33:32,22.22,0.00,,,,
1823,04/13/2022 11:48:32,22.26,0.00,,,,
1824,04/13/2022 12:03:32,22.31,0.00,,,,
1825,04/13/2022 12:18:32,22.31,0.00,,,,
1826,04/13/2022 12:33:32,22.31,0.00,,,,
1827,04/13/2022 12:48:32,22.26,0.00,,,,
1828,04/13/2022 13:03:32,22.31,0.00,,,,
1829,04/13/2022 13:18:32,22.35,0.00,,,,
1830,04/13/2022 13:33:32,22.39,0.00,,,,
1831,04/13/2022 13:48:32,22.39,0.00,,,,
1832,04/13/2022 14:03:32,22.39,0.00,,,,
1833,04/13/2022 14:18:32,22.43,0.00,,,,
1834,04/13/2022 14:33:32,22.43,91.88,,,,
1835,04/13/2022 14:48:32,22.43,155.52,,,,
1836,04/13/2022 15:03:32,22.48,161.68,,,,
1837,04/13/2022 15:18:32,22.48,142.32,,,,
1838,04/13/2022 15:33:32,22.52,174.08,,,,
1839,04/13/2022 15:48:32,22.48,134.32,,,,
1840,04/13/2022 16:03:32,22.56,120.24,,,,
1841,04/13/2022 16:18:32,22.52,102.52,,,,
1842,04/13/2022 16:33:32,22.61,96.28,,,,
1843,04/13/2022 16:48:32,22.61,0.00,,,,
1844,04/13/2022 17:03:32,22.65,0.00,,,,
1845,04/13/2022 17:18:32,22.65,0.00,,,,
1846,04/13/2022 17:33:32,22.61,0.00,,,,
1847,04/13/2022 17:48:32,22.78,0.00,,,,
1848,04/13/2022 18:03:32,22.73,0.00,,,,
1849,04/13/2022 18:18:32,22.78,0.00,,,,
1850,04/13/2022 18:33:32,22.82,0.00,,,,
1851,04/13/2022 18:48:32,22.78,0.00,,,,
1852,04/13/2022 19:03:32,22.82,0.00,,,,
1853,04/13/2022 19:18:32,22.82,0.00,,,,
1854,04/13/2022 19:33:32,22.82,0.00,,,,
1855,04/13/2022 19:48:32,22.91,0.00,,,,
1856,04/13/2022 20:03:32,22.91,0.00,,,,
1857,04/13/2022 20:18:32,22.95,0.00,,,,
1858,04/13/2022 20:33:32,22.95,0.00,,,,
1859,04/13/2022 20:48:32,22.95,0.00,,,,
1860,04/13/2022 21:03:32,22.95,0.00,,,,
1861,04/13/2022 21:18:32,22.99,0.00,,,,
1862,04/13/2022 21:33:32,23.03,0.00,,,,
1863,04/13/2022 21:48:32,23.08,0.00,,,,
1864,04/13/2022 22:03:32,23.03,0.00,,,,
1865,04/13/2022 22:18:32,23.08,0.00,,,,
1866,04/13/2022 22:33:32,23.08,0.00,,,,
1867,04/13/2022 22:48:32,23.12,0.00,,,,
1868,04/13/2022 23:03:32,23.12,0.00,,,,
1869,04/13/2022 23:18:32,23.12,0.00,,,,
1870,04/13/2022 23:33:32,23.16,0.00,,,,
1871,04/13/2022 23:48:32,23.16,0.00,,,,
1872,04/14/2022 00:03:32,23.12,0.00,,,,
1873,04/14/2022 00:18:32,23.16,0.00,,,,
1874,04/14/2022 00:33:32,23.16,0.00,,,,
1875,04/14/2022 00:48:32,23.21,0.00,,,,
1876,04/14/2022 01:03:32,23.21,0.00,,,,
1877,04/14/2022 01:18:32,23.21,0.00,,,,
1878,04/14/2022 01:33:32,23.21,0.00,,,,
1879,04/14/2022 01:48:32,23.25,0.00,,,,
1880,04/14/2022 02:03:32,23.25,0.00,,,,
1881,04/14/2022 02:18:32,23.25,0.00,,,,
1882,04/14/2022 02:33:32,23.25,0.00,,,,
1883,04/14/2022 02:48:32,23.25,0.00,,,,
1884,04/14/2022 03:03:32,23.25,0.00,,,,
1885,04/14/2022 03:18:32,23.29,0.00,,,,
1886,04/14/2022 03:33:32,23.25,0.00,,,,
1887,04/14/2022 03:48:32,23.29,0.00,,,,
1888,04/14/2022 04:03:32,23.25,0.00,,,,
1889,04/14/2022 04:18:32,23.25,0.00,,,,
1890,04/14/2022 04:33:32,23.25,0.00,,,,
1891,04/14/2022 04:48:32,23.25,0.00,,,,
1892,04/14/2022 05:03:32,23.25,0.00,,,,
1893,04/14/2022 05:18:32,23.25,0.00,,,,
1894,04/14/2022 05:33:32,23.25,0.00,,,,
1895,04/14/2022 05:48:32,23.25,0.00,,,,
1896,04/14/2022 06:03:32,23.21,0.00,,,,
1897,04/14/2022 06:18:32,23.21,0.00,,,,
1898,04/14/2022 06:33:32,23.25,0.00,,,,
1899,04/14/2022 06:48:32,23.21,0.00,,,,
1900,04/14/2022 07:03:32,23.21,0.00,,,,
1901,04/14/2022 07:18:32,23.21,0.00,,,,
1902,04/14/2022 07:33:32,23.21,0.00,,,,
1903,04/14/2022 07:48:32,23.21,0.00,,,,
1904,04/14/2022 08:03:32,23.16,0.00,,,,
1905,04/14/2022 08:18:32,23.16,0.00,,,,
1906,04/14/2022 08:33:32,23.16,0.00,,,,
1907,04/14/2022 08:48:32,23.12,0.00,,,,
1908,04/14/2022 09:03:32,23.12,0.00,,,,
1909,04/14/2022 09:18:32,23.12,0.00,,,,
1910,04/14/2022 09:33:32,23.12,0.00,,,,
1911,04/14/2022 09:48:32,23.08,0.00,,,,
1912,04/14/2022 10:03:32,23.12,0.00,,,,
1913,04/14/2022 10:18:32,23.08,0.00,,,,
1914,04/14/2022 10:33:32,23.03,0.00,,,,
1915,04/14/2022 10:48:32,23.08,0.00,,,,
1916,04/14/2022 11:03:32,23.12,0.00,,,,
1917,04/14/2022 11:18:32,23.08,0.00,,,,
1918,04/14/2022 11:33:32,21.36,216.72,,,,
1919,04/14/2022 11:35:49,,,Logged,Logged,,
1920,04/14/2022 11:35:50,,,,Logged,,
1921,04/14/2022 11:36:05,,,,,Logged,Logged
